name,url,description,category,emojis,tech_stack,keywords
Aggregators,#aggregators,"Art  Cultureartandculture
   Browser Automationbrowserautomation
   Cloud Platformscloudplatforms
   Code Executioncodeexecution
   Coding Agentscodingagents
   Command Linecommandline
   Communicationcommunication
   Customer Data Platformscustomerdataplatforms
   Databasesdatabases
   Data Platformsdataplatforms
   Developer Toolsdevelopertools
   Data Science Toolsdatasciencetools
   Embedded systemembeddedsystem
   File Systemsfilesystems
   Finance  Fintechfinancefintech
   Gaminggaming
   Knowledge  Memoryknowledgememory
   Location Serviceslocationservices
   Marketingmarketing
   Monitoringmonitoring
   Search  Data Extractionsearch
   Securitysecurity
   Sportssports
   Support  Service Managementsupportandservicemanagement
   Translation Servicestranslationservices
   Travel  Transportationtravelandtransportation
   Version Controlversioncontrol
   Other Tools and Integrationsothertoolsandintegrations",Server Implementations,*ğŸ¨-[&](#--)*ğŸ“‚-[](#-)*â˜ï¸-[](#-)*ğŸ‘¨â€ğŸ’»-[](#-)*ğŸ¤–-[](#-)*ğŸ–¥ï¸-[](#-)*ğŸ’¬-[](#)*ğŸ‘¤-[](#--)*ğŸ—„ï¸-[](#)*ğŸ“Š-[](#-)*ğŸ› ï¸-[](#-)*ğŸ§®-[](#--)*ğŸ“Ÿ-[](#-)*ğŸ“‚-[](#-)*ğŸ’°-[&](#--)*ğŸ®-[](#)*ğŸ§ -[&](#--)*ğŸ—ºï¸-[](#-)*ğŸ¯-[](#)*ğŸ“Š-[](#)*ğŸ”-[&](#)*ğŸ”’-[](#)*ğŸƒ-[](#)*ğŸ§-[&](#---)*ğŸŒ-[](#-)*ğŸš†-[&](#--)*ğŸ”„-[](#-)*ğŸ› ï¸-[](#---)#,Cloud,"database, search, monitoring, security, file"
julien040/anyquery,https://github.com/julien040/anyquery,Query more than 40 apps with one binary using SQL It can also connect to your PostgreSQL MySQL or SQLite compatible database Localfirst and private by design,ğŸ”—,"ğŸï¸ğŸ â˜ï¸-.,,.-.","Go, Cloud, Local",database
PipedreamHQ/pipedream,https://github.com/PipedreamHQ/pipedream/tree/master/modelcontextprotocol,Connect with 2500 APIs with 8000 prebuilt tools and manage servers for your users in your own app,ğŸ”—,"â˜ï¸ğŸ -,,+,,.","Cloud, Local",api
OpenMCP,https://github.com/wegotdocs/open-mcp,Turn a web API into an MCP server in 10 seconds and add it to the open source registry httpsopenmcporg,ğŸ”—,ğŸ“‡ğŸ ğŸğŸªŸğŸ§-:://-.,"TypeScript, iOS, Windows, Linux, Local",api
VeriTeknik/pluggedin-mcp-proxy,https://github.com/VeriTeknik/pluggedin-mcp-proxy,A comprehensive proxy server that combines multiple MCP servers into a single interface with extensive visibility features It provides discovery and management of tools prompts resources and templates across servers plus a playground for debugging when building MCP servers,ğŸ”—,"ğŸ“‡ğŸ -.,,,,.","TypeScript, Local",
MetaMCP,https://github.com/metatool-ai/metatool-app,MetaMCP is the one unified middleware MCP server that manages your MCP connections with GUI,ğŸ”—,ğŸ“‡â˜ï¸ğŸ ğŸğŸªŸğŸ§-.#,"TypeScript, iOS, Windows, Linux, Cloud, Local",
abhiemj/manim-mcp-server,https://github.com/abhiemj/manim-mcp-server,A local MCP server that generates animations using Manim,ğŸ¨,ğŸğŸ ğŸªŸğŸ§-.,"Python, Windows, Linux, Local",
burningion/video-editing-mcp,https://github.com/burningion/video-editing-mcp,Add Analyze Search and Generate Video Edits from your Video Jungle Collection,ğŸ¨,"ğŸ-,,,",Python,search
djalal/quran-mcp-server,https://github.com/djalal/quran-mcp-server,MCP server to interact with Qurancom corpus via the official REST API v4,ğŸ¨,ğŸ“‡â˜ï¸..,"TypeScript, Cloud",api
r-huijts/rijksmuseum-mcp,https://github.com/r-huijts/rijksmuseum-mcp,Rijksmuseum API integration for artwork search details and collections,ğŸ¨,"ğŸ“‡â˜ï¸-,,","TypeScript, Cloud","api, search, ai"
r-huijts/oorlogsbronnen-mcp,https://github.com/r-huijts/oorlogsbronnen-mcp,Oorlogsbronnen War Sources API integration for accessing historical WWII records photographs and documents from the Netherlands 19401945,ğŸ¨,"ğŸ“‡â˜ï¸-(),,(-)","TypeScript, Cloud",api
samuelgursky/davinci-resolve-mcp,https://github.com/samuelgursky/davinci-resolve-mcp,MCP server integration for DaVinci Resolve providing powerful tools for video editing color grading media management and project control,ğŸ¨,"ğŸ-,,,",Python,
yuna0x0/anilist-mcp,https://github.com/yuna0x0/anilist-mcp,A MCP server integrating AniList API for anime and manga information,ğŸ¨,ğŸ“‡â˜ï¸-,"TypeScript, Cloud",api
diivi/aseprite-mcp,https://github.com/diivi/aseprite-mcp,MCP server using the Aseprite API to create pixel art,ğŸ¨,ğŸğŸ -#,"Python, Local",api
34892002/bilibili-mcp-js,https://github.com/34892002/bilibili-mcp-js,A MCP server that supports searching for Bilibili content Provides LangChain integration examples and test scripts,ğŸ“‚,ğŸ“‡ğŸ -..,"TypeScript, Local","search, ai"
automatalabs/mcp-server-playwright,https://github.com/Automata-Labs-team/MCP-Server-Playwright,An MCP server for browser automation using Playwright,ğŸ“‚,ğŸ-,Python,
blackwhite084/playwright-plus-python-mcp,https://github.com/blackwhite084/playwright-plus-python-mcp,An MCP python server using Playwright for browser automationmore suitable for llm,ğŸ“‚,"ğŸ-,",Python,ai
browserbase/mcp-server-browserbase,https://github.com/browserbase/mcp-server-browserbase,Automate browser interactions in the cloud eg web navigation data extraction form filling and more,ğŸ“‚,"ğŸ–ï¸ğŸ“‡-(..,,,)","TypeScript, Official",
browsermcp/mcp,https://github.com/browsermcp/mcp,Automate your local Chrome browser,ğŸ“‚,ğŸ“‡ğŸ -,"TypeScript, Local",
co-browser/browser-use-mcp-server,https://github.com/co-browser/browser-use-mcp-server,browseruse packaged as an MCP server with SSE transport includes a dockerfile to run chromium in docker  a vnc server,ğŸ“‚,ğŸ--.+.,Python,file
executeautomation/playwright-mcp-server,https://github.com/executeautomation/mcp-playwright,An MCP server using Playwright for browser automation and webscrapping,ğŸ“‚,ğŸ“‡-,TypeScript,
eyalzh/browser-control-mcp,https://github.com/eyalzh/browser-control-mcp,An MCP server paired with a browser extension that enables LLM clients to control the users browser Firefox,ğŸ“‚,ğŸ“‡ğŸ -'().,"TypeScript, Local",ai
fradser/mcp-server-apple-reminders,https://github.com/FradSer/mcp-server-apple-reminders,An MCP server for interacting with Apple Reminders on macOS,ğŸ“‚,ğŸ“‡ğŸ ğŸ-,"TypeScript, iOS, Local",
getrupt/ashra-mcp,https://github.com/getrupt/ashra-mcp,Extract structured data from any website Just prompt and get JSON,ğŸ“‚,ğŸğŸ -..,"Python, Local",
kimtaeyoon83/mcp-server-youtube-transcript,https://github.com/kimtaeyoon83/mcp-server-youtube-transcript,Fetch YouTube subtitles and transcripts for AI analysis,ğŸ“‚,ğŸ“‡â˜ï¸-,"TypeScript, Cloud",ai
kimtth/mcp-aoai-web-browsing,https://github.com/kimtth/mcp-aoai-web-browsing,A minimal serverclient MCP implementation using Azure OpenAI and Playwright,ğŸ“‚,ğŸğŸ -``/.,"Python, Local",ai
microsoft/playwright-mcp,https://github.com/microsoft/playwright-mcp,Official Microsoft Playwright MCP server enabling LLMs to interact with web pages through structured accessibility snapshots,ğŸ“‚,"-,",,ai
modelcontextprotocol/server-puppeteer,https://github.com/modelcontextprotocol/servers/tree/main/src/puppeteer,Browser automation for web scraping and interaction,ğŸ“‚,ğŸ“‡ğŸ -,"TypeScript, Local",api
ndthanhdev/mcp-browser-kit,https://github.com/ndthanhdev/mcp-browser-kit,An MCP Server for interacting with manifest v2 compatible browsers,ğŸ“‚,ğŸ“‡ğŸ -.,"TypeScript, Local",
pskill9/web-search,https://github.com/pskill9/web-search,An MCP server that enables free web searching using Google search results with no API keys required,ğŸ“‚,"ğŸ“‡ğŸ -,.","TypeScript, Local","api, search"
recursechat/mcp-server-apple-shortcuts,https://github.com/recursechat/mcp-server-apple-shortcuts,An MCP Server Integration with Apple Shortcuts,ğŸ“‚,ğŸ“‡ğŸ ğŸ-#,"TypeScript, iOS, Local",
alexbakers/mcp-ipfs,https://github.com/alexbakers/mcp-ipfs,upload and manipulation of IPFS storage,â˜ï¸,ğŸ“‡â˜ï¸-,"TypeScript, Cloud",
alexei-led/aws-mcp-server,https://github.com/alexei-led/aws-mcp-server,A lightweight but powerful server that enables AI assistants to execute AWS CLI commands use Unix pipes and apply prompt templates for common AWS tasks in a safe Docker environment with multiarchitecture support,â˜ï¸,"ğŸâ˜ï¸-,,-","Python, Cloud",ai
alexei-led/k8s-mcp-server,https://github.com/alexei-led/k8s-mcp-server,A lightweight yet robust server that empowers AI assistants to securely execute Kubernetes CLI commands kubectl helm istioctl and argocd using Unix pipes in a safe Docker environment with multiarchitecture support,â˜ï¸,"ğŸ-(``,``,``,``)-.",Python,ai
bright8192/esxi-mcp-server,https://github.com/bright8192/esxi-mcp-server,A VMware ESXivCenter management server based on MCP Model Control Protocol providing simple REST API interfaces for virtual machine management,â˜ï¸,"ğŸâ˜ï¸-/(),.","Python, Cloud",api
cloudflare/mcp-server-cloudflare,https://github.com/cloudflare/mcp-server-cloudflare,Integration with Cloudflare services including Workers KV R2 and D1,â˜ï¸,"ğŸ–ï¸ğŸ“‡â˜ï¸-,,,","TypeScript, Cloud, Official",
flux159/mcp-server-kubernetes,https://github.com/Flux159/mcp-server-kubernetes,Typescript implementation of Kubernetes cluster operations for pods deployments services,â˜ï¸,"-ğŸ“‡â˜ï¸/ğŸ ,,.","TypeScript, Cloud, Local",
hardik-id/azure-resource-graph-mcp-server,https://github.com/hardik-id/azure-resource-graph-mcp-server,A Model Context Protocol server for querying and analyzing Azure resources at scale using Azure Resource Graph enabling AI assistants to explore and monitor Azure infrastructure,â˜ï¸,"-ğŸ“‡â˜ï¸/ğŸ -,.","TypeScript, Cloud, Local",ai
jdubois/azure-cli-mcp,https://github.com/jdubois/azure-cli-mcp,A wrapper around the Azure CLI command line that allows you to talk directly to Azure,â˜ï¸,-,,
johnneerdael/netskope-mcp,https://github.com/johnneerdael/netskope-mcp,An MCP to give access to all Netskope Private Access components within a Netskope Private Access environments including detailed setup information and LLM examples on usage,â˜ï¸,â˜ï¸-.,Cloud,ai
johnneerdael/netskope-mcp,https://github.com/johnneerdael/netskope-mcp,An MCP to give access to all Netskope Private Access components within a Netskope Private Access environments including detailed setup information and LLM examples on usage,â˜ï¸,ğŸ”’â˜ï¸-.,Cloud,ai
manusa/Kubernetes MCP Server,https://github.com/manusa/kubernetes-mcp-server,A powerful Kubernetes MCP server with additional support for OpenShift Besides providing CRUD operations for any Kubernetes resource this server provides specialized tools to interact with your cluster,â˜ï¸,"-ğŸï¸ğŸ .****,.","Go, Local",
nwiizo/tfmcp,https://github.com/nwiizo/tfmcp,A Terraform MCP server allowing AI assistants to manage and operate Terraform environments enabling reading configurations analyzing plans applying configurations and managing Terraform state,â˜ï¸,"-ğŸ¦€ğŸ -,,,,.","Rust, Local",ai
rohitg00/kubectl-mcp-server,https://github.com/rohitg00/kubectl-mcp-server,A Model Context Protocol MCP server for Kubernetes that enables AI assistants like Claude Cursor and others to interact with Kubernetes clusters through natural language,â˜ï¸,"-ğŸâ˜ï¸/ğŸ (),,.","Python, Cloud, Local",ai
strowk/mcp-k8s-go,https://github.com/strowk/mcp-k8s-go,Kubernetes cluster operations through MCP,â˜ï¸,-ğŸï¸â˜ï¸/ğŸ ,"Go, Cloud, Local",
thunderboltsid/mcp-nutanix,https://github.com/thunderboltsid/mcp-nutanix,Gobased MCP Server for interfacing with Nutanix Prism Central resources,â˜ï¸,-ğŸï¸ğŸ /â˜ï¸-.,"Go, Cloud, Local",
weibaohui/k8m,https://github.com/weibaohui/k8m,Provides MCP multicluster Kubernetes management and operations featuring a management interface logging and nearly 50 builtin tools covering common DevOps and development scenarios Supports both standard and CRD resources,â˜ï¸,"-ğŸï¸â˜ï¸/ğŸ -,,,-..","Go, Cloud, Local",
weibaohui/kom,https://github.com/weibaohui/kom,Provides MCP multicluster Kubernetes management and operations It can be integrated as an SDK into your own project and includes nearly 50 builtin tools covering common DevOps and development scenarios Supports both standard and CRD resources,â˜ï¸,-ğŸï¸â˜ï¸/ğŸ -.-..,"Go, Cloud, Local",
wenhuwang/mcp-k8s-eye,https://github.com/wenhuwang/mcp-k8s-eye,MCP Server for kubernetes management and analyze your cluster application health,â˜ï¸,"ğŸï¸â˜ï¸/ğŸ ,,","Go, Cloud, Local",
erikhoward/adls-mcp-server,https://github.com/erikhoward/adls-mcp-server,MCP Server for Azure Data Lake Storage It can perform manage containers readwriteuploaddownload operations on container files and manage file metadata,â˜ï¸,"-ğŸâ˜ï¸/ğŸ .,///.","Python, Cloud, Local","file, ai"
silenceper/mcp-k8s,https://github.com/silenceper/mcp-k8s,MCPK8S is an AIdriven Kubernetes resource management tool that allows users to operate any resources in Kubernetes clusters through natural language interaction including native resources like Deployment Service and custom resources CRD No need to memorize complex commands  just describe your needs and AI will accurately execute the corresponding cluster operations greatly enhancing the usability of Kubernetes,â˜ï¸,"ğŸï¸â˜ï¸/ğŸ --,(,)().-,,.#","Go, Cloud, Local",ai
pydantic/pydantic-ai/mcp-run-python,https://github.com/pydantic/pydantic-ai/tree/main/mcp-run-python,Run Python code in a secure sandbox via MCP tool calls,ğŸ‘¨â€ğŸ’»,ğŸğŸ -,"Python, Local",
yepcode/mcp-server-js,https://github.com/yepcode/mcp-server-js,Execute any LLMgenerated code in a secure and scalable sandbox environment and create your own MCP tools using JavaScript or Python with full support for NPM and PyPI packages,ğŸ‘¨â€ğŸ’»,"ğŸ–ï¸ğŸ“‡â˜ï¸--,#","TypeScript, Cloud, Official",ai
oraios/serena,https://github.com/oraios/serena,A fullyfeatured coding agent that relies on symbolic code operations by using language servers,ğŸ¤–,ğŸğŸ --.,"Python, Local",
ezyang/codemcp,https://github.com/ezyang/codemcp,Coding agent with basic read write and command line tools,ğŸ¤–,"ğŸğŸ -,.","Python, Local",
wonderwhy-er/DesktopCommanderMCP,https://github.com/wonderwhy-er/DesktopCommanderMCP,Enhanced filesystem and search tools commands and prompts specific for coding,ğŸ¤–,"ğŸ“‡ğŸ --,.#","TypeScript, Local","search, file"
ferrislucas/iterm-mcp,https://github.com/ferrislucas/iterm-mcp,A Model Context Protocol server that provides access to iTerm You can run commands and ask questions about what you see in the iTerm terminal,ğŸ–¥ï¸,ğŸ–¥ï¸ğŸ› ï¸ğŸ’¬-..,,
g0t4/mcp-server-commands,https://github.com/g0t4/mcp-server-commands,Run any command with run_command and run_script tools,ğŸ–¥ï¸,ğŸ“‡ğŸ -````.,"TypeScript, Local",
maxim-saplin/mcp_safe_local_python_executor,https://github.com/maxim-saplin/mcp_safe_local_python_executor,Safe Python interpreter based on HF Smolagents LocalPythonExecutor,ğŸ–¥ï¸,-``,,
MladenSU/cli-mcp-server,https://github.com/MladenSU/cli-mcp-server,Command line interface with secure execution and customizable security policies,ğŸ–¥ï¸,ğŸğŸ -,"Python, Local",security
OthmaneBlial/term_mcp_deepseek,https://github.com/OthmaneBlial/term_mcp_deepseek,A DeepSeek MCPlike Server for Terminal,ğŸ–¥ï¸,ğŸğŸ --,"Python, Local",
tumf/mcp-shell-server,https://github.com/tumf/mcp-shell-server,A secure shell command execution server implementing the Model Context Protocol MCP,ğŸ–¥ï¸,-(),,
wonderwhy-er/DesktopCommanderMCP,https://github.com/wonderwhy-er/DesktopCommanderMCP,A swissarmyknife that can manageexecute programs and readwritesearchedit code and text files,ğŸ–¥ï¸,ğŸ“‡ğŸ ğŸğŸªŸğŸ§---////.#,"TypeScript, iOS, Windows, Linux, Local","search, file"
AbdelStark/nostr-mcp,https://github.com/AbdelStark/nostr-mcp,A Nostr MCP server that allows to interact with Nostr enabling posting notes and more,ğŸ’¬,"â˜ï¸-,,.",Cloud,
adhikasp/mcp-twikit,https://github.com/adhikasp/mcp-twikit,Interact with Twitter search and timeline,ğŸ’¬,ğŸâ˜ï¸-,"Python, Cloud",search
agentmail-toolkit/mcp,https://github.com/agentmail-to/agentmail-toolkit/tree/main/mcp,An MCP server to create inboxes on the fly to send receive and take actions on email We arent AI agents for email but email for AI Agents,ğŸ’¬,"ğŸğŸ’¬-,,.',.",Python,ai
arpitbatra123/mcp-googletasks,https://github.com/arpitbatra123/mcp-googletasks,An MCP server to interface with the Google Tasks API,ğŸ’¬,ğŸ“‡â˜ï¸-,"TypeScript, Cloud",api
carterlasalle/mac_messages_mcp,https://github.com/carterlasalle/mac_messages_mcp,An MCP server that securely interfaces with your iMessage database via the Model Context Protocol MCP allowing LLMs to query and analyze iMessage conversations It includes robust phone number validation attachment processing contact management group chat handling and full support for sending and receiving messages,ğŸ’¬,"ğŸ ğŸğŸš€-(),.,,,,.","iOS, Local","database, ai"
chaindead/telegram-mcp,https://github.com/chaindead/telegram-mcp,Telegram API integration for accessing user data managing dialogs chats channels groups retrieving messages and handling read status,ğŸ’¬,"ğŸï¸ğŸ -,(,,),,","Go, Local",api
elie222/inbox-zero,https://github.com/elie222/inbox-zero/tree/main/apps/mcp-server,An MCP server for Inbox Zero Adds functionality on top of Gmail like finding out which emails you need to reply to or need to follow up on,ğŸ’¬,ğŸâ˜ï¸-..,"Python, Cloud",ai
gotoolkits/wecombot,https://github.com/gotoolkits/mcp-wecombot-server.git,An MCP server application that sends various types of messages to the WeCom group robot,ğŸ’¬,ğŸš€â˜ï¸-.,Cloud,
hannesrudolph/imessage-query-fastmcp-mcp-server,https://github.com/hannesrudolph/imessage-query-fastmcp-mcp-server,An MCP server that provides safe access to your iMessage database through Model Context Protocol MCP enabling LLMs to query and analyze iMessage conversations with proper phone number validation and attachment handling,ğŸ’¬,"ğŸğŸ ğŸ-(),","Python, iOS, Local","database, ai"
jagan-shanmugam/mattermost-mcp-host,https://github.com/jagan-shanmugam/mattermost-mcp-host,A MCP server along with MCP host that provides access to Mattermost teams channels and messages MCP host is integrated as a bot in Mattermost with access to MCP servers that can be configured,ğŸ’¬,"ğŸğŸ -,..","Python, Local",
lharries/whatsapp-mcp,https://github.com/lharries/whatsapp-mcp,An MCP server for WhatsApp search and send through pesonal and group messages,ğŸ’¬,"ğŸâ˜ï¸-,","Python, Cloud",search
lharries/whatsapp-mcp,https://github.com/lharries/whatsapp-mcp,An MCP server for searching your personal WhatsApp messages contacts and sending messages to individuals or groups,ğŸ’¬,"ğŸğŸï¸-,","Python, Go",search
MarkusPfundstein/mcp-gsuite,https://github.com/MarkusPfundstein/mcp-gsuite,Integration with gmail and Google Calendar,ğŸ’¬,ğŸâ˜ï¸-.,"Python, Cloud",ai
modelcontextprotocol/server-bluesky,https://github.com/keturiosakys/bluesky-context-server,Bluesky instance integration for querying and interaction,ğŸ’¬,ğŸ“‡â˜ï¸-,"TypeScript, Cloud",
modelcontextprotocol/server-slack,https://github.com/modelcontextprotocol/servers/tree/main/src/slack,Slack workspace integration for channel management and messaging,ğŸ’¬,ğŸ“‡â˜ï¸-,"TypeScript, Cloud",
sawa-zen/vrchat-mcp,https://github.com/sawa-zen/vrchat-mcp,This is an MCP server for interacting with the VRChat API You can retrieve information about friends worlds avatars and more in VRChat,ğŸ’¬,"-ğŸ“‡ğŸ .,,,.","TypeScript, Local",api
takumi0706/google-calendar-mcp,https://github.com/takumi0706/google-calendar-mcp,An MCP server to interface with the Google Calendar API Based on TypeScript,ğŸ’¬,ğŸ“‡â˜ï¸-..,"TypeScript, Cloud",api
teddyzxcv/ntfy-mcp,https://github.com/teddyzxcv/ntfy-mcp,The MCP server that keeps you informed by sending the notification on phone using ntfy,ğŸ’¬,-,,
userad/didlogic_mcp,https://github.com/UserAd/didlogic_mcp,An MCP server for DIDLogichttpsdidlogiccom Adds functionality to manage SIP endpoints numbers and destinations,ğŸ’¬,"ğŸâ˜ï¸-[](://.).,.","Python, Cloud",
zcaceres/gtasks-mcp,https://github.com/zcaceres/gtasks-mcp,An MCP server to Manage Google Tasks,ğŸ’¬,ğŸ“‡â˜ï¸-,"TypeScript, Cloud",
InditexTech/mcp-teams-server,https://github.com/InditexTech/mcp-teams-server,MCP server that integrates Microsoft Teams messaging read post mention list members and threads,ğŸ’¬,"ğŸâ˜ï¸-(,,,)","Python, Cloud",
softeria/ms-365-mcp-server,https://github.com/softeria/ms-365-mcp-server,MCP server that connects to the whole Microsoft 365 suite using Graph API including mail files Excel calendar,ğŸ’¬,"ğŸ“‡â˜ï¸-(,,,)#","TypeScript, Cloud","api, file, ai"
iaptic/mcp-server-iaptic,https://github.com/iaptic/mcp-server-iaptic,Connect with iaptichttpswwwiapticcom to ask about your Customer Purchases Transaction data and App Revenue statistics,ğŸ‘¤,"ğŸ–ï¸ğŸ“‡â˜ï¸-[](://..),.","TypeScript, Cloud, Official",
OpenDataMCP/OpenDataMCP,https://github.com/OpenDataMCP/OpenDataMCP,Connect any Open Data to any LLM with Model Context Protocol,ğŸ‘¤,ğŸâ˜ï¸-.,"Python, Cloud",ai
sergehuber/inoyu-mcp-unomi-server,https://github.com/sergehuber/inoyu-mcp-unomi-server,An MCP server to access and updates profiles on an Apache Unomi CDP server,ğŸ‘¤,ğŸ“‡â˜ï¸-.,"TypeScript, Cloud",file
tinybirdco/mcp-tinybird,https://github.com/tinybirdco/mcp-tinybird,An MCP server to interact with a Tinybird Workspace from any MCP client,ğŸ‘¤,ğŸâ˜ï¸-.#,"Python, Cloud",
Aiven-Open/mcp-aiven,https://github.com/Aiven-Open/mcp-aiven,Navigate your Aiven projectshttpsgoaiveniomcpserver and interact with the PostgreSQL Apache Kafka ClickHouse and OpenSearch services,ğŸ—„ï¸,"-ğŸâ˜ï¸ğŸ–ï¸-[](://../-)Â®,Â®,Â®Â®","Python, Cloud, Official","search, ai"
alexanderzuev/supabase-mcp-server,https://github.com/alexander-zuev/supabase-mcp-server,Supabase MCP Server with support for SQL query execution and database exploration tools,ğŸ—„ï¸,-,,database
aliyun/alibabacloud-tablestore-mcp-server,https://github.com/aliyun/alibabacloud-tablestore-mcp-server,MCP service for Tablestore features include adding documents semantic search for documents based on vectors and scalars RAGfriendly and serverless,ğŸ—„ï¸,"â˜•ğŸâ˜ï¸-,,,-,.","Python, Java, Cloud",search
benborla29/mcp-server-mysql,https://github.com/benborla/mcp-server-mysql,MySQL database integration in NodeJS with configurable access controls and schema inspection,ğŸ—„ï¸,â˜ï¸ğŸ -,"Cloud, Local",database
bytebase/dbhub,https://github.com/bytebase/dbhub,Universal database MCP server supporting mainstream databases,ğŸ—„ï¸,ğŸ“‡ğŸ â€“.,"TypeScript, Local","database, ai"
c4pt0r/mcp-server-tidb,https://github.com/c4pt0r/mcp-server-tidb,TiDB database integration with schema inspection and query capabilities,ğŸ—„ï¸,ğŸâ˜ï¸-,"Python, Cloud",database
Canner/wren-engine,https://github.com/Canner/wren-engine,The Semantic Engine for Model Context ProtocolMCP Clients and AI Agents,ğŸ—„ï¸,ğŸğŸ¦€ğŸ -(),"Python, Rust, Local",ai
centralmind/gateway,https://github.com/centralmind/gateway,MCP and MCP SSE Server that automatically generate API based on database schema and data Supports PostgreSQL Clickhouse MySQL Snowflake BigQuery Supabase,ğŸ—„ï¸,"ğŸï¸ğŸ ğŸğŸªŸ-.,,,,,","Go, iOS, Windows, Local","database, api"
chroma-core/chroma-mcp,https://github.com/chroma-core/chroma-mcp,Chroma MCP server to access local and cloud Chroma instances for retrieval capabilities,ğŸ—„ï¸,ğŸ–ï¸ğŸâ˜ï¸ğŸ -,"Python, Cloud, Local, Official",
ClickHouse/mcp-clickhouse,https://github.com/ClickHouse/mcp-clickhouse,ClickHouse database integration with schema inspection and query capabilities,ğŸ—„ï¸,ğŸâ˜ï¸-,"Python, Cloud",database
confluentinc/mcp-confluent,https://github.com/confluentinc/mcp-confluent,Confluent integration to interact with Confluent Kafka and Confluent Cloud REST APIs,ğŸ—„ï¸,ğŸâ˜ï¸-.,"Python, Cloud",api
cr7258/elasticsearch-mcp-server,https://github.com/cr7258/elasticsearch-mcp-server,MCP Server implementation that provides Elasticsearch interaction,ğŸ—„ï¸,ğŸğŸ -,"Python, Local",search
Dataring-engineering/mcp-server-trino,https://github.com/Dataring-engineering/mcp-server-trino,Trino MCP Server to query and access data from Trino Clusters,ğŸ—„ï¸,ğŸâ˜ï¸-.,"Python, Cloud",
designcomputer/mysql_mcp_server,https://github.com/designcomputer/mysql_mcp_server,MySQL database integration with configurable access controls schema inspection and comprehensive security guidelines,ğŸ—„ï¸,"ğŸğŸ -,,","Python, Local","database, security"
domdomegg/airtable-mcp-server,https://github.com/domdomegg/airtable-mcp-server,Airtable database integration with schema inspection read and write capabilities,ğŸ—„ï¸,"ğŸ“‡ğŸ -,","TypeScript, Local","database, ai"
edwinbernadus/nocodb-mcp-server,https://github.com/edwinbernadus/nocodb-mcp-server,Nocodb database integration read and write capabilities,ğŸ—„ï¸,"ğŸ“‡â˜ï¸-,","TypeScript, Cloud",database
ergut/mcp-bigquery-server,https://github.com/ergut/mcp-bigquery-server,Server implementation for Google BigQuery integration that enables direct BigQuery database access and querying capabilities,ğŸ—„ï¸,ğŸ“‡â˜ï¸-,"TypeScript, Cloud",database
f4ww4z/mcp-mysql-server,https://github.com/f4ww4z/mcp-mysql-server,Nodejsbased MySQL database integration that provides secure MySQL database operations,ğŸ—„ï¸,ğŸğŸ -.-,"Python, Local",database
fireproof-storage/mcp-database-server,https://github.com/fireproof-storage/mcp-database-server,Fireproof ledger database with multiuser sync,ğŸ—„ï¸,ğŸ“‡â˜ï¸--,"TypeScript, Cloud",database
FreePeak/db-mcp-server,https://github.com/FreePeak/db-mcp-server,A highperformance multidatabase MCP server built with Golang supporting MySQL  PostgreSQL NoSQL coming soon Includes builtin tools for query execution transaction management schema exploration query building and performance analysis with seamless Cursor integration for enhanced database workflows,ğŸ—„ï¸,"ğŸï¸ğŸ â€“--,&().-,,,,,.","Go, Local",database
furey/mongodb-lens,https://github.com/furey/mongodb-lens,MongoDB Lens Full Featured MCP Server for MongoDB Databases,ğŸ—„ï¸,ğŸ“‡ğŸ -:,"TypeScript, Local",database
gannonh/firebase-mcp,https://github.com/gannonh/firebase-mcp,Firebase services including Auth Firestore and Storage,ğŸ—„ï¸,"ğŸ”¥â›…ï¸-,.",,
get-convex/convex-backend,https://stack.convex.dev/convex-mcp-server,Convex database integration to introspect tables functions and run oneoff queries Sourcehttpsgithubcomgetconvexconvexbackendblobmainnpmpackagesconvexsrcclimcpts,ğŸ—„ï¸,"ğŸ“‡â˜ï¸-,,([](://./-/-///-////.))","TypeScript, Cloud","database, git, ai"
GreptimeTeam/greptimedb-mcp-server,https://github.com/GreptimeTeam/greptimedb-mcp-server,MCP Server for querying GreptimeDB,ğŸ—„ï¸,ğŸğŸ -.,"Python, Local",
hannesrudolph/sqlite-explorer-fastmcp-mcp-server,https://github.com/hannesrudolph/sqlite-explorer-fastmcp-mcp-server,An MCP server that provides safe readonly access to SQLite databases through Model Context Protocol MCP This server is built with the FastMCP framework which enables LLMs to explore and query SQLite databases with builtin safety features and query validation,ğŸ—„ï¸,"ğŸğŸ -,-().,-.","Python, Local","database, ai"
idoru/influxdb-mcp-server,https://github.com/idoru/influxdb-mcp-server,Run queries against InfluxDB OSS API v2,ğŸ—„ï¸,ğŸ“‡â˜ï¸ğŸ -.,"TypeScript, Cloud, Local","api, ai"
isaacwasserman/mcp-snowflake-server,https://github.com/isaacwasserman/mcp-snowflake-server,Snowflake integration implementing read and optional write operations as well as insight tracking,ğŸ—„ï¸,ğŸâ˜ï¸-(),"Python, Cloud",
joshuarileydev/supabase-mcp-server,https://github.com/joshuarileydev/supabase,Supabase MCP Server for managing and creating projects and organisations in Supabase,ğŸ—„ï¸,-,,
jovezhong/mcp-timeplus,https://github.com/jovezhong/mcp-timeplus,MCP server for Apache Kafka and Timeplus Able to list Kafka topics poll Kafka messages save Kafka data locally and query streaming data with SQL via Timeplus,ğŸ—„ï¸,"ğŸâ˜ï¸-.,,","Python, Cloud",
KashiwaByte/vikingdb-mcp-server,https://github.com/KashiwaByte/vikingdb-mcp-server,VikingDB integration with collection and index introduction vector store and search capabilities,ğŸ—„ï¸,"ğŸâ˜ï¸-,.","Python, Cloud",search
kiliczsh/mcp-mongo-server,https://github.com/kiliczsh/mcp-mongo-server,A Model Context Protocol Server for MongoDB,ğŸ—„ï¸,ğŸ“‡ğŸ -,"TypeScript, Local",
ktanaka101/mcp-server-duckdb,https://github.com/ktanaka101/mcp-server-duckdb,DuckDB database integration with schema inspection and query capabilities,ğŸ—„ï¸,ğŸğŸ -,"Python, Local",database
LucasHild/mcp-server-bigquery,https://github.com/LucasHild/mcp-server-bigquery,BigQuery database integration with schema inspection and query capabilities,ğŸ—„ï¸,ğŸâ˜ï¸-,"Python, Cloud",database
mcp-server-jdbc,https://github.com/quarkiverse/quarkus-mcp-servers/tree/main/jdbc,Connect to any JDBCcompatible database and query insert update delete and more,ğŸ—„ï¸,"â˜•ğŸ --,,,,.","Java, Local",database
memgraph/mcp-memgraph,https://github.com/memgraph/mcp-memgraph,Memgraph MCP Server  includes a tool to run a query against Memgraph and a schema resource,ğŸ—„ï¸,ğŸğŸ --.,"Python, Local",ai
modelcontextprotocol/server-postgres,https://github.com/modelcontextprotocol/servers/tree/main/src/postgres,PostgreSQL database integration with schema inspection and query capabilities,ğŸ—„ï¸,ğŸ“‡ğŸ -,"TypeScript, Local",database
modelcontextprotocol/server-sqlite,https://github.com/modelcontextprotocol/servers/tree/main/src/sqlite,SQLite database operations with builtin analysis features,ğŸ—„ï¸,ğŸğŸ --,"Python, Local",database
neo4j-contrib/mcp-neo4j,https://github.com/neo4j-contrib/mcp-neo4j,Model Context Protocol with Neo4j Run queries Knowledge Graph Memory Manaage Neo4j Aura Instances,ğŸ—„ï¸,"ğŸğŸ -(,,)","Python, Local",
neondatabase/mcp-server-neon,https://github.com/neondatabase/mcp-server-neon,An MCP Server for creating and managing Postgres databases using Neon Serverless Postgres,ğŸ—„ï¸,ğŸ“‡â˜ï¸â€”,"TypeScript, Cloud",database
niledatabase/nile-mcp-server,https://github.com/niledatabase/nile-mcp-server,MCP server for Niles Postgres platform  Manage and query Postgres databases tenants users auth using LLMs,ğŸ—„ï¸,"'-,,,",,"database, ai"
openlink/mcp-server-odbc,https://github.com/OpenLinkSoftware/mcp-odbc-server,An MCP server for generic Database Management System DBMS Connectivity via the Open Database Connectivity ODBC protocol,ğŸ—„ï¸,ğŸğŸ -()(),"Python, Local",database
openlink/mcp-server-sqlalchemy,https://github.com/OpenLinkSoftware/mcp-sqlalchemy-server,An MCP server for generic Database Management System DBMS Connectivity via SQLAlchemy using Python ODBC pyodbc,ğŸ—„ï¸,ğŸğŸ -()(),"Python, Local",database
pab1it0/adx-mcp-server,https://github.com/pab1it0/adx-mcp-server,Query and analyze Azure Data Explorer databases,ğŸ—„ï¸,ğŸâ˜ï¸-,"Python, Cloud",database
pab1it0/prometheus-mcp-server,https://github.com/pab1it0/prometheus-mcp-server,Query and analyze Prometheus opensource monitoring system,ğŸ—„ï¸,"ğŸâ˜ï¸-,-.","Python, Cloud",monitoring
qdrant/mcp-server-qdrant,https://github.com/qdrant/mcp-server-qdrant,A Qdrant MCP server,ğŸ—„ï¸,ğŸğŸ -,"Python, Local",
QuantGeekDev/mongo-mcp,https://github.com/QuantGeekDev/mongo-mcp,MongoDB integration that enables LLMs to interact directly with databases,ğŸ—„ï¸,ğŸ“‡ğŸ -.,"TypeScript, Local","database, ai"
rashidazarang/airtable-mcp,https://github.com/rashidazarang/airtable-mcp,Connect AI tools directly to Airtable Query create update and delete records using natural language Features include base management table operations schema manipulation record filtering and data migration through a standardized MCP interface,ğŸ—„ï¸,"ğŸâ˜ï¸-.,,,.,,,,.","Python, Cloud",ai
runekaagaard/mcp-alchemy,https://github.com/runekaagaard/mcp-alchemy,Universal SQLAlchemybased database integration supporting PostgreSQL MySQL MariaDB SQLite Oracle MS SQL Server and many more databases Features schema and relationship inspection and large dataset analysis capabilities,ğŸ—„ï¸,"ğŸğŸ --,,,,,.,.","Python, Local",database
sirmews/mcp-pinecone,https://github.com/sirmews/mcp-pinecone,Pinecone integration with vector search capabilities,ğŸ—„ï¸,ğŸâ˜ï¸-,"Python, Cloud",search
supabase-community/supabase-mcp,https://github.com/supabase-community/supabase-mcp,Official Supabase MCP server to connect AI assistants directly with your Supabase project and allows them to perform tasks like managing tables fetching config and querying data,ğŸ—„ï¸,"ğŸ–ï¸ğŸ“‡â˜ï¸-,,.","TypeScript, Cloud, Official",ai
TheRaLabs/legion-mcp,https://github.com/TheRaLabs/legion-mcp,Universal database MCP server supporting multiple database types including PostgreSQL Redshift CockroachDB MySQL RDS MySQL Microsoft SQL Server BigQuery Oracle DB and SQLite,ğŸ—„ï¸,"ğŸğŸ ,,,,,,,,.","Python, Local",database
tinybirdco/mcp-tinybird,https://github.com/tinybirdco/mcp-tinybird,Tinybird integration with query and API capabilities,ğŸ—„ï¸,ğŸâ˜ï¸-,"Python, Cloud",api
tradercjz/dolphindb-mcp-server,https://github.com/tradercjz/dolphindb-mcp-server,TDolphinDB database integration with schema inspection and query capabilities,ğŸ—„ï¸,ğŸâ˜ï¸-,"Python, Cloud",database
weaviate/mcp-server-weaviate,https://github.com/weaviate/mcp-server-weaviate,An MCP Server to connect to your Weaviate collections as a knowledge base as well as using Weaviate as a chat memory store,ğŸ—„ï¸,ğŸğŸ“‡â˜ï¸-.,"Python, TypeScript, Cloud",
XGenerationLab/xiyan_mcp_server,https://github.com/XGenerationLab/xiyan_mcp_server,An MCP server that supports fetching data from a database using natural language queries powered by XiyanSQL as the texttoSQL LLM,ğŸ—„ï¸,"ğŸ“‡â˜ï¸â€”,--.","TypeScript, Cloud","database, ai"
xing5/mcp-google-sheets,https://github.com/xing5/mcp-google-sheets,A Model Context Protocol server for interacting with Google Sheets This server provides tools to create read update and manage spreadsheets through the Google Sheets API,ğŸ—„ï¸,"ğŸâ˜ï¸-.,,,.","Python, Cloud",api
Zhwt/go-mcp-mysql,https://github.com/Zhwt/go-mcp-mysql,Easy to use zero dependency MySQL MCP server built with Golang with configurable readonly mode and schema inspection,ğŸ—„ï¸,"ğŸï¸ğŸ â€“,.","Go, Local",
zilliztech/mcp-server-milvus,https://github.com/zilliztech/mcp-server-milvus,MCP Server for Milvus  Zilliz making it possible to interact with your database,ğŸ—„ï¸,"ğŸğŸ â˜ï¸-/,.#","Python, Cloud, Local",database
flowcore/mcp-flowcore-platform,https://github.com/flowcore-io/mcp-flowcore-platform,Interact with Flowcore to perform actions ingest data and analyse cross reference and utilise any data in your data cores or in public data cores all with human language,ğŸ“Š,"ğŸ–ï¸ğŸ“‡â˜ï¸ğŸ -,,,,;.","TypeScript, Cloud, Local, Official",
JordiNei/mcp-databricks-server,https://github.com/JordiNeil/mcp-databricks-server,Connect to Databricks API allowing LLMs to run SQL queries list jobs and get job status,ğŸ“Š,"-,,,.",,"api, ai"
jwaxman19/qlik-mcp,https://github.com/jwaxman19/qlik-mcp,MCP Server for Qlik Cloud API that enables querying applications sheets and extracting data from visualizations with comprehensive authentication and rate limiting support,ğŸ“Š,"ğŸ“‡â˜ï¸-,,.","TypeScript, Cloud",api
keboola/keboola-mcp-server,https://github.com/keboola/keboola-mcp-server,interact with Keboola Connection Data Platform This server provides tools for listing and accessing data from Keboola Storage API,ğŸ“Š,-..#,,api
21st-dev/Magic-MCP,https://github.com/21st-dev/magic-mcp,Create crafted UI components inspired by the best 21stdev design engineers,ğŸ’»,-..,,
Hypersequent/qasphere-mcp,https://github.com/Hypersequent/qasphere-mcp,Integration with QA Spherehttpsqaspherecom test management system enabling LLMs to discover summarize and interact with test cases directly from AIpowered IDEs,ğŸ’»,"ğŸ–ï¸ğŸ“‡â˜ï¸-[](://./),,,-","TypeScript, Cloud, Official",ai
admica/FileScopeMCP,https://github.com/admica/FileScopeMCP,Analyzes your codebase identifying important files based on dependency relationships Generates diagrams and importance scores helping AI assistants understand the codebase,ğŸ’»,"ğŸğŸ“‡ğŸ¦€-.,.","Python, TypeScript, Rust","file, ai"
ambar/simctl-mcp,https://github.com/ambar/simctl-mcp,A MCP server implementation for iOS Simulator control,ğŸ’»,ğŸ“‡ğŸ ğŸ.,"TypeScript, iOS, Local",
api7/apisix-mcp,https://github.com/api7/apisix-mcp,MCP Server that support for querying and managing all resource in Apache APISIXhttpsgithubcomapacheapisix,ğŸ’»,ğŸ–ï¸ğŸ“‡ğŸ [](://.//).,"TypeScript, Local, Official","api, git"
automation-ai-labs/mcp-link,https://github.com/automation-ai-labs/mcp-link,Seamlessly Integrate Any API with AI Agents with OpenAPI Schema,ğŸ’»,ğŸï¸ğŸ -(),"Go, Local","api, ai"
davidlin2k/pox-mcp-server,https://github.com/davidlin2k/pox-mcp-server,MCP server for the POX SDN controller to provides network control and management capabilities,ğŸ’»,ğŸğŸ -.,"Python, Local",
Comet-ML/Opik-MCP,https://github.com/comet-ml/opik-mcp,Use natural language to explore LLM observability traces and monitoring data captured by Opik,ğŸ’»,"ğŸ–ï¸ğŸ“‡â˜ï¸ğŸ -,,.","TypeScript, Cloud, Local, Official","monitoring, ai"
davidlin2k/pox-mcp-server,https://github.com/davidlin2k/pox-mcp-server,MCP server for the POX SDN controller to provides network control and management capabilities,ğŸ’»,ğŸğŸ -.,"Python, Local",
delano/postman-mcp-server,https://github.com/delano/postman-mcp-server,Interact with Postman APIhttpswwwpostmancompostmanpostmanpublicworkspace,ğŸ’»,ğŸ“‡â˜ï¸-[](://..//--/),"TypeScript, Cloud",api
flipt-io/mcp-server-flipt,https://github.com/flipt-io/mcp-server-flipt,Enable AI assistants to interact with your feature flags in Flipthttpsfliptio,ğŸ’»,ğŸ“‡ğŸ -[](://.).,"TypeScript, Local",ai
GLips/Figma-Context-MCP,https://github.com/GLips/Figma-Context-MCP,Provide coding agents direct access to Figma data to help them oneshot design implementation,ğŸ’»,ğŸ“‡ğŸ --.,"TypeScript, Local",
gofireflyio/firefly-mcp,https://github.com/gofireflyio/firefly-mcp,Integrates discovers manages and codifies cloud resources with Fireflyhttpsfireflyai,ğŸ’»,"ğŸ–ï¸ğŸ“‡â˜ï¸-,,,[](://.).","TypeScript, Cloud, Official",ai
Govcraft/rust-docs-mcp-server,https://github.com/Govcraft/rust-docs-mcp-server,Provides uptodate documentation context for a specific Rust crate to LLMs via an MCP tool using semantic search embeddings and LLM summarization,ğŸ’»,"ğŸ¦€ğŸ ---,().","Rust, Local","search, ai"
haris-musa/excel-mcp-server,https://github.com/haris-musa/excel-mcp-server,An Excel manipulation server providing workbook creation data operations formatting and advanced features charts pivot tables formulae,ğŸ’»,"ğŸğŸ -,,,(,,).","Python, Local",
higress-group/higress-ops-mcp-server,https://github.com/higress-group/higress-ops-mcp-server,MCP server that provides comprehensive tools for managing Higresshttpsgithubcomalibabahigress gateway configurations and operations,ğŸ’»,ğŸğŸ -[](://.//).,"Python, Local",git
hijaz/postmancer,https://github.com/hijaz/postmancer,A MCP server for replacing Rest Clients like PostmanInsomnia by allowing your LLM to maintain and use api collections,ğŸ’»,"ğŸ“‡ğŸ -/,.","TypeScript, Local","api, ai"
hloiseaufcms/mcp-gopls,https://github.com/hloiseaufcms/mcp-gopls,A MCP server for interacting with Gos Language Server Protocol goplshttpsgithubcomgolangtoolstreemastergopls and benefit from advanced Go code analysis features,ğŸ’»,ğŸï¸ğŸ -['()](://./////).,"Go, Local",git
hungthai1401/bruno-mcp,https://github.com/hungthai1401/bruno-mcp,A MCP server for interacting with Bruno API Clienthttpswwwusebrunocom,ğŸ’»,ğŸ“‡ğŸ -[](://../).,"TypeScript, Local",api
hyperb1iss/droidmind,https://github.com/hyperb1iss/droidmind,Control Android devices with AI through MCP enabling device control debugging system analysis and UI automation with a comprehensive security framework,ğŸ’»,"ğŸğŸ -,,,,.","Python, Local","security, ai"
IlyaGulya/gradle-mcp-server,https://github.com/IlyaGulya/gradle-mcp-server,Gradle integration using the Gradle Tooling API to inspect projects execute tasks and run tests with pertest result reporting,ğŸ’»,"ğŸ -,,-",Local,api
InhiblabCore/mcp-image-compression,https://github.com/InhiblabCore/mcp-image-compression,MCP server for local compression of various image formats,ğŸ’»,ğŸğŸ -.,"Python, Local",
ios-simulator-mcp,https://github.com/joshuayoes/ios-simulator-mcp,A Model Context Protocol MCP server for interacting with iOS simulators This server allows you to interact with iOS simulators by getting information about them controlling UI interactions and inspecting UI elements,ğŸ’»,"ğŸ“‡ğŸ ğŸ-().,,.","TypeScript, iOS, Local",
InditexTech/mcp-server-simulator-ios-idb,https://github.com/InditexTech/mcp-server-simulator-ios-idb,A Model Context Protocol MCP server that enables LLMs to interact with iOS simulators iPhone iPad etc through natural language commands,ğŸ’»,"ğŸ“‡ğŸ ğŸ-()(,,.).","TypeScript, iOS, Local",ai
j4c0bs/mcp-server-sql-analyzer,https://github.com/j4c0bs/mcp-server-sql-analyzer,MCP server that provides SQL analysis linting and dialect conversion using SQLGlothttpsgithubcomtobymaosqlglot,ğŸ’»,"ğŸ-,,[](://.//)",Python,git
jasonjmcghee/claude-debugs-for-you,https://github.com/jasonjmcghee/claude-debugs-for-you,An MCP Server and VS Code Extension which enables language agnostic automatic debugging via breakpoints and expression evaluation,ğŸ’»,ğŸ“‡ğŸ -().,"TypeScript, Local",
jetbrains/mcpProxy,https://github.com/JetBrains/mcpProxy,Connect to JetBrains IDE,ğŸ’»,ğŸ–ï¸ğŸ“‡ğŸ -,"TypeScript, Local, Official",ai
qainsights/jmeter-mcp-server,https://github.com/QAInsights/jmeter-mcp-server,JMeter MCP Server for performance testing,ğŸ’»,ğŸğŸ -,"Python, Local",
Jktfe/serveMyAPI,https://github.com/Jktfe/serveMyAPI,A personal MCP Model Context Protocol server for securely storing and accessing API keys across projects using the macOS Keychain,ğŸ’»,ğŸ“‡ğŸ ğŸ-().,"TypeScript, iOS, Local","api, ai"
joshuarileydev/app-store-connect-mcp-server,https://github.com/JoshuaRileyDev/app-store-connect-mcp-server,An MCP server to communicate with the App Store Connect API for iOS Developers,ğŸ’»,ğŸ“‡ğŸ -,"TypeScript, Local",api
joshuarileydev/simulator-mcp-server,https://github.com/JoshuaRileyDev/simulator-mcp-server,An MCP server to control iOS Simulators,ğŸ’»,ğŸ“‡ğŸ -,"TypeScript, Local",
qainsights/k6-mcp-server,https://github.com/QAInsights/k6-mcp-server,Grafana k6 MCP Server for performance testing,ğŸ’»,ğŸğŸ -,"Python, Local",
lamemind/mcp-server-multiverse,https://github.com/lamemind/mcp-server-multiverse,A middleware server that enables multiple isolated instances of the same MCP servers to coexist independently with unique namespaces and configurations,ğŸ’»,ğŸ“‡ğŸ ğŸ› ï¸-.,"TypeScript, Local",
langfuse/mcp-server-langfuse,https://github.com/langfuse/mcp-server-langfuse,MCP server to access and manage LLM application prompts created with Langfusehttpslangfusecomhttpslangfusecomdocspromptsgetstarted Prompt Management,ğŸ’»,ğŸğŸ -[]([://./](://.///-)).,"Python, Local",ai
qainsights/locust-mcp-server,https://github.com/QAInsights/locust-mcp-server,Locust MCP Server for performance testing,ğŸ’»,ğŸğŸ -,"Python, Local",
mrexodia/user-feedback-mcp,https://github.com/mrexodia/user-feedback-mcp,Simple MCP Server to enable a humanintheloop workflow in tools like Cline and Cursor,ğŸ’»,ğŸğŸ ----.,"Python, Local",
OctoMind-dev/octomind-mcp,https://github.com/OctoMind-dev/octomind-mcp,lets your preferred AI agent create  run fully managed Octomindhttpswwwoctominddev endtoend tests from your codebase or other data sources like Jira Slack or TestRail,ğŸ’»,"-ğŸ“‡â˜ï¸&[](://../)--,.","TypeScript, Cloud",ai
pskill9/website-downloader,https://github.com/pskill9/website-downloader,This MCP server provides a tool to download entire websites using wget It preserves the website structure and converts links to work locally,ğŸ’»,ğŸ—„ï¸ğŸš€-..,,
utensils/mcp-nixos,https://github.com/utensils/mcp-nixos,MCP server providing accurate information about NixOS packages system options Home Manager configurations and nixdarwin macOS settings to prevent AI hallucinations,ğŸ’»,"ğŸğŸ -,,,-.","Python, Local",ai
QuantGeekDev/docker-mcp,https://github.com/QuantGeekDev/docker-mcp,Docker container management and operations through MCP,ğŸ’»,ğŸï¸ğŸ -,"Go, Local",ai
ckreiling/mcp-server-docker,https://github.com/ckreiling/mcp-server-docker,Integrate with Docker to manage containers images volumes and networks,ğŸ’»,"ğŸğŸ -,,,.","Python, Local",ai
r-huijts/xcode-mcp-server,https://github.com/r-huijts/xcode-mcp-server,Xcode integration for project management file operations and build automation,ğŸ’»,"ğŸ“‡ğŸ ğŸ-,,","TypeScript, iOS, Local",file
ReAPI-com/mcp-openapi,https://github.com/ReAPI-com/mcp-openapi,MCP server that lets LLMs know everything about your OpenAPI specifications to discover explain and generate codemock data,ğŸ’»,"ğŸ“‡ğŸ -,/","TypeScript, Local","api, ai"
Rootly-AI-Labs/Rootly-MCP-server,https://github.com/Rootly-AI-Labs/Rootly-MCP-server,MCP server for the incident management platform Rootlyhttpsrootlycom,ğŸ’»,ğŸ–ï¸ğŸâ˜ï¸ğŸ-[](://./).,"Python, iOS, Cloud, Official",
sammcj/mcp-package-version,https://github.com/sammcj/mcp-package-version,"An MCP Server to help LLMs suggest the latest stable package versions when writing code
 sapientpantsdeepsourcemcpserverhttpsgithubcomsapientpantsdeepsourcemcpserver     A Model Context Protocol MCP server that integrates with DeepSource to provide AI assistants with access to code quality metrics issues and quality gate statuses",ğŸ’»,"ğŸ“‡ğŸ -.*[/--](://.//--)ğŸ“‡â˜ï¸ğŸ -(),,","TypeScript, Cloud, Local","api, git, ai"
sapientpants/sonarqube-mcp-server,https://github.com/sapientpants/sonarqube-mcp-server,A Model Context Protocol MCP server that integrates with SonarQube to provide AI assistants with access to code quality metrics issues and quality gate statuses,ğŸ’»,"ğŸ¦€â˜ï¸ğŸ -(),,","Rust, Cloud, Local",ai
SDGLBL/mcp-claude-code,https://github.com/SDGLBL/mcp-claude-code,An implementation of Claude Code capabilities using MCP enabling AI code understanding modification and project analysis with comprehensive tool support,ğŸ’»,"ğŸğŸ -,,,.","Python, Local",ai
snaggle-ai/openapi-mcp-server,https://github.com/snaggle-ai/openapi-mcp-server,Connect any HTTPREST API server using an Open API spec v3,ğŸ’»,ğŸï¸ğŸ -/(),"Go, Local",api
stass/lldb-mcp,https://github.com/stass/lldb-mcp,A MCP server for LLDB enabling AI binary and core file analysis debugging disassembling,ğŸ’»,"ğŸğŸ ğŸ§ğŸ-,,.","Python, iOS, Linux, Local","file, ai"
tumf/mcp-text-editor,https://github.com/tumf/mcp-text-editor,A lineoriented text file editor Optimized for LLM tools with efficient partial file access to minimize token usage,ğŸ’»,ğŸğŸ --..,"Python, Local","file, ai"
vivekvells/mcp-pandoc,https://github.com/vivekVells/mcp-pandoc,MCP server for seamless document format conversion using Pandoc supporting Markdown HTML PDF DOCX docx csv and more,ğŸ’»,"ğŸ—„ï¸ğŸš€-,,,,(.),.",,
VSCode Devtools,https://github.com/biegehydra/BifrostMCP,Connect to VSCode ide and use semantic tools like find_usages,ğŸ’»,ğŸ“‡-``,TypeScript,
xcodebuild,https://github.com/ShenghaiWang/xcodebuild,Build iOS Xcode workspaceproject and feed back errors to llm,ğŸ’»,ğŸ/.,iOS,ai
xzq.xu/jvm-mcp-server,https://github.com/xzq-xu/jvm-mcp-server,An implementation project of a JVMbased MCP Model Context Protocol server,ğŸ’»,ğŸ“‡ğŸ --().,"TypeScript, Local",
yangkyeongmo@/mcp-server-apache-airflow,https://github.com/yangkyeongmo/mcp-server-apache-airflow,MCP server that connects to Apache Airflowhttpsairflowapacheorg using official client,ğŸ’»,ğŸğŸ -[](://../).,"Python, Local",ai
YuChenSSR/mindmap-mcp-server,https://github.com/YuChenSSR/mindmap-mcp-server,A Model Context Protocol MCP server for generating a beautiful interactive mindmap,ğŸ’»,ğŸğŸ -().,"Python, Local",
YuChenSSR/multi-ai-advisor,https://github.com/YuChenSSR/multi-ai-advisor-mcp,A Model Context Protocol MCP server that queries multiple Ollama models and combines their responses providing diverse AI perspectives on a single question,ğŸ’»,"ğŸ“‡ğŸ -(),.","TypeScript, Local",ai
yWorks/mcp-typescribe,https://github.com/yWorks/mcp-typescribe,MCP server that provides Typescript API information efficiently to the agent to enable it to work with untrained APIs,ğŸ’»,ğŸ“‡ğŸ -,"TypeScript, Local","api, ai"
zcaceres/fetch-mcp,https://github.com/zcaceres/fetch-mcp,An MCP server to flexibly fetch JSON text and HTML data,ğŸ’»,"ğŸ“‡ğŸ -,,","TypeScript, Local",
zenml-io/mcp-zenml,https://github.com/zenml-io/mcp-zenml,An MCP server to connect with your ZenMLhttpswwwzenmlio MLOps and LLMOps pipelines,ğŸ’»,ğŸğŸ â˜ï¸-[](://..),"Python, Cloud, Local",ai
idosal/git-mcp,https://github.com/idosal/git-mcp,gitmcpiohttpsgitmcpio is a generic remote MCP server to connect to ANY GitHubhttpswwwgithubcom repository or project for documentation,ğŸ’»,ğŸ“‡â˜ï¸-[.](://./)[](://..),"TypeScript, Cloud",git
tgeselle/bugsnag-mcp,https://github.com/tgeselle/bugsnag-mcp,An MCP server for interacting with Bugsnaghttpswwwbugsnagcom,ğŸ’»,ğŸ“‡â˜ï¸-[](://../),"TypeScript, Cloud",
jordandalton/restcsv-mcp-server,https://github.com/JordanDalton/RestCsvMcpServer,An MCP server for CSV files,ğŸ’»,ğŸ“‡â˜ï¸-.#,"TypeScript, Cloud",file
ChronulusAI/chronulus-mcp,https://github.com/ChronulusAI/chronulus-mcp,Predict anything with Chronulus AI forecasting and prediction agents,ğŸ§®,ğŸâ˜ï¸-.,"Python, Cloud",ai
reading-plus-ai/mcp-server-data-exploration,https://github.com/reading-plus-ai/mcp-server-data-exploration,Enables autonomous data exploration on csvbased datasets providing intelligent insights with minimal effort,ğŸ§®,"ğŸâ˜ï¸-.-,.","Python, Cloud",
zcaceres/markdownify-mcp,https://github.com/zcaceres/markdownify-mcp,An MCP server to convert almost any file or web content into Markdown,ğŸ§®,ğŸ“‡ğŸ -,"TypeScript, Local",file
jjsantos01/jupyter-notebook-mcp,https://github.com/jjsantos01/jupyter-notebook-mcp,connects Jupyter Notebook to Claude AI allowing Claude to directly interact with and control Jupyter Notebooks,ğŸ§®,"ğŸğŸ -,.#","Python, Local",ai
horw/esp-mcp,https://github.com/horw/esp-mcp,Workflow for fixing build issues in ESP32 series chips using ESPIDF,ğŸ“Ÿ,ğŸ“Ÿ--.#,,
cyberchitta/llm-context.py,https://github.com/cyberchitta/llm-context.py,Share code context with LLMs via MCP or clipboard,ğŸ“‚,ğŸğŸ -,"Python, Local",ai
exoticknight/mcp-file-merger,https://github.com/exoticknight/mcp-file-merger,File merger tool suitable for AI chat length limits,ğŸ“‚,"ğŸï¸ğŸ -,.","Go, Local","file, ai"
filesystem@quarkiverse/quarkus-mcp-servers,https://github.com/quarkiverse/quarkus-mcp-servers/tree/main/filesystem,A filesystem allowing for browsing and editing files implemented in Java using Quarkus Available as jar or native image,ğŸ“‚,â˜•ğŸ -..,"Java, Local","file, ai"
hmk/box-mcp-server,https://github.com/hmk/box-mcp-server,Box integration for listing reading and searching files,ğŸ“‚,"ğŸ“‡â˜ï¸-,","TypeScript, Cloud","search, file"
mamertofabian/mcp-everything-search,https://github.com/mamertofabian/mcp-everything-search,Fast Windows file search using Everything SDK,ğŸ“‚,ğŸğŸ ğŸªŸ-,"Python, Windows, Local","search, file"
mark3labs/mcp-filesystem-server,https://github.com/mark3labs/mcp-filesystem-server,Golang implementation for local file system access,ğŸ“‚,ğŸï¸ğŸ -.,"Go, Local",file
microsoft/markitdown,https://github.com/microsoft/markitdown/tree/main/packages/markitdown-mcp,MCP tool access to MarkItDown  a library that converts many file formats local or remote to Markdown for LLM consumption,ğŸ“‚,ğŸ–ï¸ğŸğŸ ---().,"Python, Local, Official","file, ai"
modelcontextprotocol/server-filesystem,https://github.com/modelcontextprotocol/servers/tree/main/src/filesystem,Direct local file system access,ğŸ“‚,ğŸ“‡ğŸ -.,"TypeScript, Local",file
modelcontextprotocol/server-google-drive,https://github.com/modelcontextprotocol/servers/tree/main/src/gdrive,Google Drive integration for listing reading and searching files,ğŸ“‚,"ğŸ“‡â˜ï¸-,,","TypeScript, Cloud","search, file"
Xuanwo/mcp-server-opendal,https://github.com/Xuanwo/mcp-server-opendal,Access any storage with Apache OpenDAL,ğŸ“‚,ğŸğŸ â˜ï¸-â„¢#,"Python, Cloud, Local",
anjor/coinmarket-mcp-server,https://github.com/anjor/coinmarket-mcp-server,Coinmarket API integration to fetch cryptocurrency listings and quotes,ğŸ’°,ğŸâ˜ï¸-,"Python, Cloud",api
bankless/onchain-mcp,https://github.com/Bankless/onchain-mcp/,Bankless Onchain API to interact with smart contracts query transaction and token information,ğŸ’°,"ğŸ“‡â˜ï¸-,","TypeScript, Cloud","api, ai"
base/base-mcp,https://github.com/base/base-mcp,Base Network integration for onchain tools allowing interaction with Base Network and Coinbase API for wallet management fund transfers smart contracts and DeFi operations,ğŸ’°,"ğŸ–ï¸ğŸ“‡â˜ï¸-,,,,","TypeScript, Cloud, Official","api, ai"
berlinbra/alpha-vantage-mcp,https://github.com/berlinbra/alpha-vantage-mcp,Alpha Vantage API integration to fetch both stock and crypto information,ğŸ’°,ğŸâ˜ï¸-,"Python, Cloud",api
ahnlabio/bicscan-mcp,https://github.com/ahnlabio/bicscan-mcp,Risk score  asset holdings of EVM blockchain address EOA CA ENS and even domain names,ğŸ’°,"ğŸ–ï¸ğŸâ˜ï¸-/(,,).","Python, Cloud, Official",ai
bitteprotocol/mcp,https://github.com/BitteProtocol/mcp,Bitte Protocol integration to run AI Agents on several blockchains,ğŸ’°,ğŸ“‡-.,TypeScript,ai
chargebee/mcp,https://github.com/chargebee/agentkit/tree/main/modelcontextprotocol,MCP Server that connects AI agents to Chargebee platformhttpswwwchargebeecom,ğŸ’°,ğŸ–ï¸ğŸ“‡â˜ï¸-[](://../).,"TypeScript, Cloud, Official",ai
codex-data/codex-mcp,https://github.com/Codex-Data/codex-mcp,Codex APIhttpswwwcodexio integration for realtime enriched blockchain and market data on 60 networks,ğŸ’°,ğŸ–ï¸ğŸ“‡â˜ï¸-[](://..)-+,"TypeScript, Cloud, Official","api, ai"
coinpaprika/dexpaprika-mcp,https://github.com/chargebee/agentkit/tree/main/modelcontextprotocol,Coinpaprikas DexPaprika MCP server exposes highperformance DexPaprika APIhttpsdocsdexpaprikacom covering 20 chains and 5M tokens with real time pricing liquidity pool data  historical OHLCV data providing AI agents standardized access to comprehensive market data through Model Context Protocol,ğŸ’°,"ğŸ–ï¸ğŸ“‡â˜ï¸ğŸğŸªŸğŸ§-'-[](://..)++,&,.","TypeScript, iOS, Windows, Linux, Cloud, Official","api, ai"
ferdousbhai/investor-agent,https://github.com/ferdousbhai/investor-agent,Yahoo Finance integration to fetch stock market data including options recommendations,ğŸ’°,ğŸâ˜ï¸-,"Python, Cloud",
ferdousbhai/tasty-agent,https://github.com/ferdousbhai/tasty-agent,Tastyworks API integration to handle trading activities on Tastytrade,ğŸ’°,ğŸâ˜ï¸-,"Python, Cloud",api
getalby/nwc-mcp-server,https://github.com/getalby/nwc-mcp-server,Bitcoin Lightning wallet integration powered by Nostr Wallet Connect,ğŸ’°,ğŸ“‡ğŸ -,"TypeScript, Local",
heurist-network/heurist-mesh-mcp-server,https://github.com/heurist-network/heurist-mesh-mcp-server,Access specialized web3 AI agents for blockchain analysis smart contract security auditing token metrics evaluation and onchain interactions through the Heurist Mesh network Provides comprehensive tools for DeFi analysis NFT valuation and transaction monitoring across multiple blockchains,ğŸ’°,"ğŸ–ï¸â›…ï¸ğŸ ğŸ-,,,-.,,","Python, Local, Official","monitoring, security, ai"
kukapay/crypto-feargreed-mcp,https://github.com/kukapay/crypto-feargreed-mcp,Providing realtime and historical Crypto Fear  Greed Index data,ğŸ’°,ğŸâ˜ï¸--&.,"Python, Cloud",
kukapay/crypto-indicators-mcp,https://github.com/kukapay/crypto-indicators-mcp,An MCP server providing a range of cryptocurrency technical analysis indicators and strategie,ğŸ’°,ğŸâ˜ï¸-.,"Python, Cloud",
kukapay/crypto-portfolio-mcp,https://github.com/kukapay/crypto-portfolio-mcp,An MCP server for tracking and managing cryptocurrency portfolio allocations,ğŸ’°,ğŸâ˜ï¸-.,"Python, Cloud",
kukapay/crypto-sentiment-mcp,https://github.com/kukapay/crypto-sentiment-mcp,An MCP server that delivers cryptocurrency sentiment analysis to AI agents,ğŸ’°,ğŸâ˜ï¸-.,"Python, Cloud",ai
kukapay/cryptopanic-mcp-server,https://github.com/kukapay/cryptopanic-mcp-server,Providing latest cryptocurrency news to AI agents powered by CryptoPanic,ğŸ’°,"ğŸâ˜ï¸-,.","Python, Cloud",ai
kukapay/dune-analytics-mcp,https://github.com/kukapay/dune-analytics-mcp,A mcp server that bridges Dune Analytics data to AI agents,ğŸ’°,ğŸâ˜ï¸-.,"Python, Cloud",ai
kukapay/freqtrade-mcp,https://github.com/kukapay/freqtrade-mcp,An MCP server that integrates with the Freqtrade cryptocurrency trading bot,ğŸ’°,ğŸâ˜ï¸-.,"Python, Cloud",
kukapay/jupiter-mcp,https://github.com/kukapay/jupiter-mcp,An MCP server for executing token swaps on the Solana blockchain using Jupiters new Ultra API,ğŸ’°,ğŸâ˜ï¸-'.,"Python, Cloud","api, ai"
kukapay/pancakeswap-poolspy-mcp,https://github.com/kukapay/pancakeswap-poolspy-mcp,An MCP server that tracks newly created pools on Pancake Swap,ğŸ’°,ğŸâ˜ï¸-.,"Python, Cloud",
kukapay/rug-check-mcp,https://github.com/kukapay/rug-check-mcp,An MCP server that detects potential risks in Solana meme tokens,ğŸ’°,ğŸâ˜ï¸-.,"Python, Cloud",
kukapay/thegraph-mcp,https://github.com/kukapay/thegraph-mcp,An MCP server that powers AI agents with indexed blockchain data from The Graph,ğŸ’°,ğŸâ˜ï¸-.,"Python, Cloud",ai
kukapay/token-minter-mcp,https://github.com/kukapay/token-minter-mcp,An MCP server providing tools for AI agents to mint ERC20 tokens across multiple blockchains,ğŸ’°,ğŸâ˜ï¸--.,"Python, Cloud",ai
kukapay/token-revoke-mcp,https://github.com/kukapay/token-revoke-mcp,An MCP server for checking and revoking ERC20 token allowances across multiple blockchains,ğŸ’°,ğŸâ˜ï¸--.,"Python, Cloud",ai
kukapay/uniswap-poolspy-mcp,https://github.com/kukapay/uniswap-poolspy-mcp,An MCP server that tracks newly created liquidity pools on Uniswap across multiple blockchains,ğŸ’°,ğŸâ˜ï¸-.,"Python, Cloud",ai
kukapay/uniswap-trader-mcp,https://github.com/kukapay/uniswap-trader-mcp,An MCP server for AI agents to automate token swaps on Uniswap DEX across multiple blockchains,ğŸ’°,ğŸâ˜ï¸-.,"Python, Cloud",ai
kukapay/whale-tracker-mcp,https://github.com/kukapay/whale-tracker-mcp,A mcp server for tracking cryptocurrency whale transactions,ğŸ’°,ğŸâ˜ï¸-.,"Python, Cloud",
laukikk/alpaca-mcp,https://github.com/laukikk/alpaca-mcp,An MCP Server for the Alpaca trading API to manage stock and crypto portfolios place trades and access market data,ğŸ’°,"ğŸâ˜ï¸-,,.","Python, Cloud",api
longportapp/openapi,https://github.com/longportapp/openapi/tree/main/mcp,LongPort OpenAPI provides realtime stock market data provides AI access analysis and trading capabilities through MCP,ğŸ’°,"-ğŸâ˜ï¸--,.","Python, Cloud","api, ai"
mcpdotdirect/evm-mcp-server,https://github.com/mcpdotdirect/evm-mcp-server,Comprehensive blockchain services for 30 EVM networks supporting native tokens ERC20 NFTs smart contracts transactions and ENS resolution,ğŸ’°,"ğŸ“‡â˜ï¸-+,,,,,,.","TypeScript, Cloud",ai
mcpdotdirect/starknet-mcp-server,https://github.com/mcpdotdirect/starknet-mcp-server,Comprehensive Starknet blockchain integration with support for native tokens ETH STRK smart contracts StarknetID resolution and token transfers,ğŸ’°,"ğŸ“‡â˜ï¸-(,),,,.","TypeScript, Cloud",ai
minhyeoky/mcp-server-ledger,https://github.com/minhyeoky/mcp-server-ledger,A ledgercli integration for managing financial transactions and generating reports,ğŸ’°,ğŸğŸ --.,"Python, Local",
openMF/mcp-mifosx,https://github.com/openMF/mcp-mifosx,A core banking integration for managing clients loans savings shares financial transactions and generating financial reports,ğŸ’°,"â˜ï¸ğŸ -,,,,.","Cloud, Local",
narumiruna/yfinance-mcp,https://github.com/narumiruna/yfinance-mcp,An MCP server that uses yfinance to obtain information from Yahoo Finance,ğŸ’°,ğŸâ˜ï¸-.,"Python, Cloud",ai
pwh-pwh/coin-mcp-server,https://github.com/pwh-pwh/coin-mcp-server,Bitget API to fetch cryptocurrency price,ğŸ’°,ğŸâ˜ï¸-.,"Python, Cloud",api
QuantGeekDev/coincap-mcp,https://github.com/QuantGeekDev/coincap-mcp,Realtime cryptocurrency market data integration using CoinCaps public API providing access to crypto prices and market information without API keys,ğŸ’°,"ğŸ“‡â˜ï¸--',","TypeScript, Cloud",api
SaintDoresh/Crypto-Trader-MCP-ClaudeDesktop,https://github.com/SaintDoresh/Crypto-Trader-MCP-ClaudeDesktop.git,An MCP tool that provides cryptocurrency market data using the CoinGecko API,ğŸ’°,ğŸâ˜ï¸-.,"Python, Cloud",api
SaintDoresh/YFinance-Trader-MCP-ClaudeDesktop,https://github.com/SaintDoresh/YFinance-Trader-MCP-ClaudeDesktop.git,An MCP tool that provides stock market data and analysis using the Yahoo Finance API,ğŸ’°,ğŸâ˜ï¸-.,"Python, Cloud",api
unibaseio/beeper-mcp,https://github.com/unibaseio/beeper-mcp,Beeper provides transactions on BSC including balancetoken transfers token swaps in Pancakeswap and beeper reward claims,ğŸ’°,"ğŸ-,/,.",Python,ai
janswist/mcp-dexscreener,https://github.com/janswist/mcp-dexscreener,Realtime onchain market prices using open and free Dexscreener API,ğŸ’°,ğŸ“‡â˜ï¸---#,"TypeScript, Cloud","api, ai"
CoderGamester/mcp-unity,https://github.com/CoderGamester/mcp-unity,MCP Server for Unity3d Game Engine integration for game development,ğŸ®,ğŸ“‡#ï¸âƒ£ğŸ -,"TypeScript, C#, Local",
Coding-Solo/godot-mcp,https://github.com/Coding-Solo/godot-mcp,A MCP server for interacting with the Godot game engine providing tools for editing running debugging and managing scenes in Godot projects,ğŸ®,"ğŸ“‡ğŸ -,,,,.","TypeScript, Local",
pab1ito/chess-mcp,https://github.com/pab1it0/chess-mcp,Access Chesscom player data game records and other public information through standardized MCP interfaces allowing AI assistants to search and analyze chess information,ğŸ®,"ğŸâ˜ï¸-.,,,.","Python, Cloud","search, ai"
rishijatia/fantasy-pl-mcp,https://github.com/rishijatia/fantasy-pl-mcp/,An MCP server for realtime Fantasy Premier League data and analysis tools,ğŸ®,ğŸâ˜ï¸--.#,"Python, Cloud",
CheMiguel23/MemoryMesh,https://github.com/CheMiguel23/MemoryMesh,Enhanced graphbased memory with a focus on AI roleplay and story generation,ğŸ§ ,ğŸ“‡ğŸ ---,"TypeScript, Local",ai
graphlit-mcp-server,https://github.com/graphlit/graphlit-mcp-server,Ingest anything from Slack Discord websites Google Drive Linear or GitHub into a Graphlit project  and then search and retrieve relevant knowledge within an MCP client like Cursor Windsurf or Cline,ğŸ§ ,"ğŸ“‡â˜ï¸-,,,,-,.","TypeScript, Cloud","search, git"
hannesrudolph/mcp-ragdocs,https://github.com/hannesrudolph/mcp-ragdocs,An MCP server implementation that provides tools for retrieving and processing documentation through vector search enabling AI assistants to augment their responses with relevant documentation context,ğŸ§ ,"ğŸğŸ -,","Python, Local","search, ai"
kaliaboi/mcp-zotero,https://github.com/kaliaboi/mcp-zotero,A connector for LLMs to work with collections and sources on your Zotero Cloud,ğŸ§ ,ğŸ“‡â˜ï¸-,"TypeScript, Cloud",ai
mcp-summarizer,https://github.com/0xshellming/mcp-summarizer,AI Summarization MCP Server Support for multiple content types Plain text Web pages PDF documents EPUB books HTML content,ğŸ§ ,"ğŸ“•â˜ï¸-,:,,,,",Cloud,ai
mem0ai/mem0-mcp,https://github.com/mem0ai/mem0-mcp,A Model Context Protocol server for Mem0 that helps manage coding preferences and patterns providing tools for storing retrieving and semantically handling code implementations best practices and technical documentation in IDEs like Cursor and Windsurf,ğŸ§ ,"ğŸğŸ -,,,","Python, Local",
modelcontextprotocol/server-memory,https://github.com/modelcontextprotocol/servers/tree/main/src/memory,Knowledge graphbased persistent memory system for maintaining context,ğŸ§ ,ğŸ“‡ğŸ --,"TypeScript, Local",ai
topoteretes/cognee,https://github.com/topoteretes/cognee/tree/dev/cognee-mcp,Memory manager for AI apps and Agents using various graph and vector stores and allowing ingestion from 30 data sources,ğŸ§ ,ğŸ“‡ğŸ -+,"TypeScript, Local",ai
unibaseio/membase-mcp,https://github.com/unibaseio/membase-mcp,Save and query your agent memory in distributed way by Membase,ğŸ§ ,ğŸ“‡â˜ï¸-,"TypeScript, Cloud",
entanglr/zettelkasten-mcp,https://github.com/entanglr/zettelkasten-mcp,A Model Context Protocol MCP server that implements the Zettelkasten knowledge management methodology allowing you to create link and search atomic notes through Claude and other MCPcompatible clients,ğŸ§ ,"ğŸğŸ -(),,,-.#","Python, Local",search
briandconnelly/mcp-server-ipinfo,https://github.com/briandconnelly/mcp-server-ipinfo,IP address geolocation and network information using IPInfo API,ğŸ—ºï¸,ğŸâ˜ï¸-,"Python, Cloud",api
jagan-shanmugam/open-streetmap-mcp,https://github.com/jagan-shanmugam/open-streetmap-mcp,An OpenStreetMap MCP server with locationbased services and geospatial data,ğŸ—ºï¸,ğŸğŸ --.,"Python, Local",
kukapay/nearby-search-mcp,https://github.com/kukapay/nearby-search-mcp,An MCP server for nearby place searches with IPbased location detection,ğŸ—ºï¸,ğŸâ˜ï¸--.,"Python, Cloud",search
modelcontextprotocol/server-google-maps,https://github.com/modelcontextprotocol/servers/tree/main/src/google-maps,Google Maps integration for location services routing and place details,ğŸ—ºï¸,"ğŸ“‡â˜ï¸-,,","TypeScript, Cloud",ai
QGIS MCP,https://github.com/jjsantos01/qgis_mcp,connects QGIS Desktop to Claude AI through the MCP This integration enables promptassisted project creation layer loading code execution and more,ğŸ—ºï¸,"-.-,,,.",,ai
SaintDoresh/Weather-MCP-ClaudeDesktop,https://github.com/SaintDoresh/Weather-MCP-ClaudeDesktop.git,An MCP tool that provides realtime weather data forecasts and historical weather information using the OpenWeatherMap API,ğŸ—ºï¸,"ğŸâ˜ï¸--,,.","Python, Cloud",api
SecretiveShell/MCP-timeserver,https://github.com/SecretiveShell/MCP-timeserver,Access the time in any timezone and get the current local time,ğŸ—ºï¸,ğŸğŸ -,"Python, Local",
webcoderz/MCP-Geo,https://github.com/webcoderz/MCP-Geo,Geocoding MCP server for nominatim ArcGIS Bing,ğŸ—ºï¸,"ğŸğŸ -,,#","Python, Local",
Open Strategy Partners Marketing Tools,https://github.com/open-strategy-partners/osp_marketing_tools,A suite of marketing tools from Open Strategy Partners including writing style editing codes and product marketing value map creation,ğŸ¯,"ğŸğŸ -,,.#","Python, Local",
grafana/mcp-grafana,https://github.com/grafana/mcp-grafana,Search dashboards investigate incidents and query datasources in your Grafana instance,ğŸ“Š,"ğŸ–ï¸ğŸğŸ â˜ï¸-,","Python, Cloud, Local, Official",search
hyperb1iss/lucidity-mcp,https://github.com/hyperb1iss/lucidity-mcp,Enhance AIgenerated code quality through intelligent promptbased analysis across 10 critical dimensions from complexity to security vulnerabilities,ğŸ“Š,"ğŸğŸ --,-","Python, Local","security, ai"
last9/last9-mcp-server,https://github.com/last9/last9-mcp-server,Seamlessly bring realtime production contextlogs metrics and tracesinto your local environment to autofix code faster,ğŸ“Š,"--â€”,,â€”-",,
metoro-io/metoro-mcp-server,https://github.com/metoro-io/metoro-mcp-server,Query and interact with kubernetes environments monitored by Metoro,ğŸ“Š,ğŸ–ï¸ğŸï¸â˜ï¸-,"Go, Cloud, Official",
MindscapeHQ/server-raygun,https://github.com/MindscapeHQ/mcp-server-raygun,Raygun API V3 integration for crash reporting and real user monitoring,ğŸ“Š,ğŸ“‡â˜ï¸-,"TypeScript, Cloud","api, monitoring"
modelcontextprotocol/server-sentry,https://github.com/modelcontextprotocol/servers/tree/main/src/sentry,Sentryio integration for error tracking and performance monitoring,ğŸ“Š,ğŸâ˜ï¸-.,"Python, Cloud",monitoring
pydantic/logfire-mcp,https://github.com/pydantic/logfire-mcp,Provides access to OpenTelemetry traces and metrics through Logfire,ğŸ“Š,ğŸ–ï¸ğŸâ˜ï¸-,"Python, Cloud, Official",
seekrays/mcp-monitor,https://github.com/seekrays/mcp-monitor,A system monitoring tool that exposes system metrics via the Model Context Protocol MCP This tool allows LLMs to retrieve realtime system information through an MCPcompatible interfacesupport CPUMemoryDiskNetworkHostProcess,ğŸ“Š,ğŸï¸ğŸ -().--.ï¼ˆã€ã€ã€ã€ã€ï¼‰#,"Go, Local","monitoring, ai"
0xdaef0f/job-searchoor,https://github.com/0xDAEF0F/job-searchoor,An MCP server for searching job listings with filters for date keywords remote work options and more,ğŸ”,"ğŸ“‡ğŸ -,,,.","TypeScript, Local",search
ac3xx/mcp-servers-kagi,https://github.com/ac3xx/mcp-servers-kagi,Kagi search API integration,ğŸ”,ğŸ“‡â˜ï¸-,"TypeScript, Cloud","api, search"
andybrandt/mcp-simple-arxiv,https://github.com/andybrandt/mcp-simple-arxiv,MCP for LLM to search and read papers from arXiv,ğŸ”,-ğŸâ˜ï¸,"Python, Cloud","search, ai"
andybrandt/mcp-simple-pubmed,https://github.com/andybrandt/mcp-simple-pubmed,MCP to search and read medical  life sciences papers from PubMed,ğŸ”,-ğŸâ˜ï¸/.,"Python, Cloud",search
angheljf/nyt,https://github.com/angheljf/nyt,Search articles using the NYTimes API,ğŸ”,ğŸ“‡â˜ï¸-,"TypeScript, Cloud","api, search"
apify/mcp-server-rag-web-browser,https://github.com/apify/mcp-server-rag-web-browser,An MCP server for Apifys opensource RAG Web Browser Actor to perform web searches scrape URLs and return content in Markdown,ğŸ”,"ğŸ“‡â˜ï¸-'-,,.","TypeScript, Cloud","api, search"
Bigsy/Clojars-MCP-Server,https://github.com/Bigsy/Clojars-MCP-Server,Clojars MCP Server for upto date dependency information of Clojure libraries,ğŸ”,ğŸ“‡â˜ï¸-,"TypeScript, Cloud",
blazickjp/arxiv-mcp-server,https://github.com/blazickjp/arxiv-mcp-server,Search ArXiv research papers,ğŸ”,â˜ï¸ğŸ-,"Python, Cloud",search
chanmeng/google-news-mcp-server,https://github.com/ChanMeng666/server-google-news,Google News integration with automatic topic categorization multilanguage support and comprehensive search capabilities including headlines stories and related topics through SerpAPIhttpsserpapicom,ğŸ”,"ğŸ“‡â˜ï¸-,-,,,[](://./).","TypeScript, Cloud","api, search"
ConechoAI/openai-websearch-mcp,https://github.com/ConechoAI/openai-websearch-mcp/,This is a Pythonbased MCP server that provides OpenAI web_search buildin tool,ğŸ”,ğŸğŸ â˜ï¸--``-.,"Python, Cloud, Local","search, ai"
devflowinc/trieve,https://github.com/devflowinc/trieve/tree/main/clients/mcp-server,Crawl embed chunk search and retrieve information from datasets through Trievehttpstrieveai,ğŸ”,"ğŸ–ï¸ğŸ“‡â˜ï¸ğŸ -,,,,[](://.)","TypeScript, Cloud, Local, Official","search, ai"
Dumpling-AI/mcp-server-dumplingai,https://github.com/Dumpling-AI/mcp-server-dumplingai,Access data web scraping and document conversion APIs by Dumpling AIhttpswwwdumplingaicom,ğŸ”,"ğŸ–ï¸ğŸ“‡â˜ï¸-,,[](://../)","TypeScript, Cloud, Official","api, ai"
erithwik/mcp-hn,https://github.com/erithwik/mcp-hn,An MCP server to search Hacker News get top stories and more,ğŸ”,"ğŸâ˜ï¸-,,.","Python, Cloud",search
exa-labs/exa-mcp-server,https://github.com/exa-labs/exa-mcp-server,A Model Context Protocol MCP server lets AI assistants like Claude use the Exa AI Search API for web searches This setup allows AI models to get realtime web information in a safe and controlled way,ğŸ”,ğŸ–ï¸ğŸ“‡â˜ï¸â€“().-.,"TypeScript, Cloud, Official","api, search, ai"
fatwang2/search1api-mcp,https://github.com/fatwang2/search1api-mcp,Search via search1api requires paid API key,ğŸ”,ğŸ“‡â˜ï¸-(),"TypeScript, Cloud","api, search, ai"
genomoncology/biomcp,https://github.com/genomoncology/biomcp,Biomedical research server providing access to PubMed ClinicalTrialsgov and MyVariantinfo,ğŸ”,"ğŸâ˜ï¸-,.,..","Python, Cloud",search
hellokaton/unsplash-mcp-server,https://github.com/hellokaton/unsplash-mcp-server,A MCP server for Unsplash image search,ğŸ”,)ğŸâ˜ï¸-.,"Python, Cloud",search
Ihor-Sokoliuk/MCP-SearXNG,https://github.com/ihor-sokoliuk/mcp-searxng,A Model Context Protocol Server for SearXNGhttpsdocssearxngorg,ğŸ”,ğŸ“‡ğŸ /â˜ï¸-[](://..),"TypeScript, Cloud, Local",
jae-jae/fetcher-mcp,https://github.com/jae-jae/fetcher-mcp,MCP server for fetching web page content using Playwright headless browser supporting Javascript rendering and intelligent content extraction and outputting Markdown or HTML format,ğŸ”,"ğŸ“‡ğŸ -,,.","TypeScript, Local",
jae-jae/g-search-mcp,https://github.com/jae-jae/g-search-mcp,A powerful MCP server for Google search that enables parallel searching with multiple keywords simultaneously,ğŸ”,ğŸ“‡ğŸ -.,"TypeScript, Local",search
leehanchung/bing-search-mcp,https://github.com/leehanchung/bing-search-mcp,Web search capabilities using Microsoft Bing Search API,ğŸ”,ğŸ“‡â˜ï¸-,"TypeScript, Cloud","api, search"
kagisearch/kagimcp,https://github.com/kagisearch/kagimcp,Official Kagi Search MCP Server,ğŸ”,â˜ï¸ğŸ“‡â€“,"TypeScript, Cloud",search
kshern/mcp-tavily,https://github.com/kshern/mcp-tavily.git,Tavily AI search API,ğŸ”,â˜ï¸ğŸ“‡â€“,"TypeScript, Cloud","api, search, ai"
modelcontextprotocol/server-brave-search,https://github.com/modelcontextprotocol/servers/tree/main/src/brave-search,Web search capabilities using Braves Search API,ğŸ”,ğŸ“‡â˜ï¸-',"TypeScript, Cloud","api, search"
modelcontextprotocol/server-fetch,https://github.com/modelcontextprotocol/servers/tree/main/src/fetch,Efficient web content fetching and processing for AI consumption,ğŸ”,ğŸğŸ â˜ï¸-,"Python, Cloud, Local",ai
mzxrai/mcp-webresearch,https://github.com/mzxrai/mcp-webresearch,Search Google and do deep web research on any topic,ğŸ”,ğŸ”ğŸ“š-,,search
nickclyde/duckduckgo-mcp-server,https://github.com/nickclyde/duckduckgo-mcp-server,Web search using DuckDuckGo,ğŸ”,ğŸâ˜ï¸-,"Python, Cloud",search
reading-plus-ai/mcp-server-deep-research,https://github.com/reading-plus-ai/mcp-server-deep-research,MCP server providing OpenAIPerplexitylike autonomous deep research structured query elaboration and concise reporting,ğŸ”,"ğŸ“‡â˜ï¸-/-,,.","TypeScript, Cloud","search, ai"
SecretiveShell/MCP-searxng,https://github.com/SecretiveShell/MCP-searxng,An MCP Server to connect to searXNG instances,ğŸ”,ğŸğŸ -,"Python, Local",
takashiishida/arxiv-latex-mcp,https://github.com/takashiishida/arxiv-latex-mcp,Get the LaTeX source of arXiv papers to handle mathematical content and equations,ğŸ”,ğŸâ˜ï¸-,"Python, Cloud",
the0807/GeekNews-MCP-Server,https://github.com/the0807/GeekNews-MCP-Server,An MCP Server that retrieves and processes news data from the GeekNews site,ğŸ”,ğŸâ˜ï¸-.,"Python, Cloud",
tinyfish-io/agentql-mcp,https://github.com/tinyfish-io/agentql-mcp,MCP server that provides AgentQLhttpsagentqlcoms data extraction capabilities,ğŸ”,ğŸ–ï¸ğŸ“‡â˜ï¸-[](://.)'.,"TypeScript, Cloud, Official",
Tomatio13/mcp-server-tavily,https://github.com/Tomatio13/mcp-server-tavily,Tavily AI search API,ğŸ”,â˜ï¸ğŸâ€“,"Python, Cloud","api, search, ai"
vectorize-io/vectorize-mcp-server,https://github.com/vectorize-io/vectorize-mcp-server/,Vectorizehttpsvectorizeio MCP server for advanced retrieval Private Deep Research AnythingtoMarkdown file extraction and text chunking,ğŸ”,"â˜ï¸ğŸ“‡-[](://.),,--.","TypeScript, Cloud","search, file"
zhsama/duckduckgo-mcp-server,https://github.com/zhsama/duckduckgo-mpc-server/,This is a TypeScriptbased MCP server that provides DuckDuckGo search functionality,ğŸ”,ğŸ“‡ğŸ â˜ï¸--.,"TypeScript, Cloud, Local",search
zoomeye-ai/mcp_zoomeye,https://github.com/zoomeye-ai/mcp_zoomeye,Querying network asset information by ZoomEye MCP Server,ğŸ”,ğŸ“‡â˜ï¸-#,"TypeScript, Cloud",
13bm/GhidraMCP,https://github.com/13bm/GhidraMCP,MCP server for integrating Ghidra with AI assistants This plugin enables binary analysis providing tools for function inspection decompilation memory exploration and importexport analysis via the Model Context Protocol,ğŸ”’,"ğŸâ˜•ğŸ -.,,,,/.","Python, Java, Local",ai
atomicchonk/roadrecon_mcp_server,https://github.com/atomicchonk/roadrecon_mcp_server,MCP server for analyzing ROADrecon gather results from Azure tenant enumeration,ğŸ”’,ğŸğŸªŸğŸ ,"Python, Windows, Local",
BurtTheCoder/mcp-dnstwist,https://github.com/BurtTheCoder/mcp-dnstwist,MCP server for dnstwist a powerful DNS fuzzing tool that helps detect typosquatting phishing and corporate espionage,ğŸ”’,"ğŸ“‡ğŸªŸâ˜ï¸-,,,.","TypeScript, Windows, Cloud",
BurtTheCoder/mcp-maigret,https://github.com/BurtTheCoder/mcp-maigret,MCP server for maigret a powerful OSINT tool that collects user account information from various public sources This server provides tools for searching usernames across social networks and analyzing URLs,ğŸ”’,"ğŸ“‡ğŸªŸâ˜ï¸-,..","TypeScript, Windows, Cloud","search, ai"
BurtTheCoder/mcp-shodan,https://github.com/BurtTheCoder/mcp-shodan,MCP server for querying the Shodan API and Shodan CVEDB This server provides tools for IP lookups device searches DNS lookups vulnerability queries CPE lookups and more,ğŸ”’,"ğŸ“‡ğŸªŸâ˜ï¸-.,,,,,.","TypeScript, Windows, Cloud","api, search"
BurtTheCoder/mcp-virustotal,https://github.com/BurtTheCoder/mcp-virustotal,MCP server for querying the VirusTotal API This server provides tools for scanning URLs analyzing file hashes and retrieving IP address reports,ğŸ”’,"ğŸ“‡ğŸªŸâ˜ï¸-.,,.","TypeScript, Windows, Cloud","api, file"
fosdickio/binary_ninja_mcp,https://github.com/fosdickio/binary_ninja_mcp,A Binary Ninja plugin MCP server and bridge that seamlessly integrates Binary Ninjahttpsbinaryninja with your favorite MCP client  It enables you to automate the process of performing binary analysis and reverse engineering,ğŸ”’,"ğŸğŸ ğŸğŸªŸğŸ§-,,[](://.)..","Python, iOS, Windows, Linux, Local",
fr0gger/MCP_Security,https://github.com/fr0gger/MCP_Security,MCP server for querying the ORKL API This server provides tools for fetching threat reports analyzing threat actors and retrieving intelligence sources,ğŸ”’,"ğŸ“‡â˜ï¸-.,,.","TypeScript, Cloud",api
qianniuspace/mcp-security-audit,https://github.com/qianniuspace/mcp-security-audit,A powerful MCP Model Context Protocol Server that audits npm package dependencies for security vulnerabilities Built with remote npm registry integration for realtime security checks,ğŸ”’,ğŸ“‡â˜ï¸().-.,"TypeScript, Cloud",security
semgrep/mcp,https://github.com/semgrep/mcp,Allow AI agents to scan code for security vulnerabilites using Semgrephttpssemgrepdev,ğŸ”’,ğŸ“‡â˜ï¸[](://.).,"TypeScript, Cloud","security, ai"
mrexodia/ida-pro-mcp,https://github.com/mrexodia/ida-pro-mcp,MCP server for IDA Pro allowing you to perform binary analysis with AI assistants This plugin implement decompilation disassembly and allows you to generate malware analysis reports automatically,ğŸ”’,"ğŸğŸ -,.,.","Python, Local",ai
rad-security/mcp-server,https://github.com/rad-security/mcp-server,MCP server for RAD Security providing AIpowered security insights for Kubernetes and cloud environments This server provides tools for querying the Rad Security API and retrieving security findings reports runtime data and many more,ğŸ”’,"ğŸ“‡â˜ï¸-,-.,,.","TypeScript, Cloud","api, security, ai"
securityfortech/secops-mcp,https://github.com/securityfortech/secops-mcp,Allinone security testing toolbox that brings together popular open source tools through a single MCP interface Connected to an AI agent it enables tasks like pentesting bug bounty hunting threat hunting and more,ğŸ”’,"ğŸğŸ ---.,,,,.","Python, Local","security, ai"
roadwy/cve-search_mcp,https://github.com/roadwy/cve-search_mcp,A Model Context Protocol MCP server for querying the CVESearch API This server provides comprehensive access to CVESearch browse vendor and productget CVE per CVEIDget the last updated CVEs,ğŸ”’,"ğŸğŸ -()-.-,ã€-ã€.","Python, Local","api, search"
nickpending/mcp-recon,https://github.com/nickpending/mcp-recon,Conversational recon interface and MCP server powered by httpx and asnmap Supports various reconnaissance levels for domain analysis security header inspection certificate analysis and ASN lookup,ğŸ”’,"ğŸï¸ğŸ -.,,,.","Go, Local","security, ai"
Gaffx/volatility-mcp,https://github.com/Gaffx/volatility-mcp,MCP server for Volatility 3x allowing you to perform memory forensics analysis with AI assistant Experience memory forensics without barriers as plugins like pslist and netscan become accessible through clean REST APIs and LLMs,ğŸ”’,"-.,..#",,"api, ai"
r-huijts/firstcycling-mcp,https://github.com/r-huijts/firstcycling-mcp,Access cycling race data results and statistics through natural language Features include retrieving start lists race results and rider information from firstcyclingcom,ğŸƒ,"ğŸ“‡â˜ï¸-,,.,,..","TypeScript, Cloud",
r-huijts/strava-mcp,https://github.com/r-huijts/strava-mcp,A Model Context Protocol MCP server that connects to Strava API providing tools to access Strava data through LLMs,ğŸƒ,"ğŸ“‡â˜ï¸-(),#","TypeScript, Cloud","api, ai"
effytech/freshdesk-mcp,https://github.com/effytech/freshdesk_mcp,MCP server that integrates with Freshdesk enabling AI models to interact with Freshdesk modules and perform various support operations,ğŸ§,"ğŸâ˜ï¸-,.","Python, Cloud",ai
nguyenvanduocit/jira-mcp,https://github.com/nguyenvanduocit/jira-mcp,A Gobased MCP connector for Jira that enables AI assistants like Claude to interact with Atlassian Jira This tool provides a seamless interface for AI models to perform common Jira operations including issue management sprint planning and workflow transitions,ğŸ§,"ğŸï¸â˜ï¸--.,,.#","Go, Cloud",ai
translated/lara-mcp,https://github.com/translated/lara-mcp,MCP Server for Lara Translate API enabling powerful translation capabilities with support for language detection and contextaware translations,ğŸŒ,"ğŸ–ï¸ğŸ“‡â˜ï¸-,-.#","TypeScript, Cloud, Official",api
Airbnb MCP Server,https://github.com/openbnb-org/mcp-server-airbnb,Provides tools to search Airbnb and get listing details,ğŸš†,ğŸ“‡â˜ï¸-.,"TypeScript, Cloud","search, ai"
KyrieTangSheng/mcp-server-nationalparks,https://github.com/KyrieTangSheng/mcp-server-nationalparks,National Park Service API integration providing latest information of park details alerts visitor centers campgrounds and events for US National Parks,ğŸš†,"ğŸ“‡â˜ï¸-,,,,..","TypeScript, Cloud","api, ai"
NS Travel Information MCP Server,https://github.com/r-huijts/ns-mcp-server,Access Dutch Railways NS travel information schedules and realtime updates,ğŸš†,"ğŸ“‡â˜ï¸-(),,-","TypeScript, Cloud",ai
pab1it0/tripadvisor-mcp,https://github.com/pab1it0/tripadvisor-mcp,A MCP server that enables LLMs to interact with Tripadvisor API supporting location data reviews and photos through standardized MCP interfaces,ğŸš†,"ğŸ“‡ğŸ-,,,#","Python, TypeScript","api, ai"
adhikasp/mcp-git-ingest,https://github.com/adhikasp/mcp-git-ingest,Read and analyze GitHub repositories with your LLM,ğŸ”„,ğŸğŸ -,"Python, Local","git, ai"
ddukbg/github-enterprise-mcp,https://github.com/ddukbg/github-enterprise-mcp,MCP server for GitHub Enterprise API integration,ğŸ”„,ğŸ“‡â˜ï¸ğŸ -,"TypeScript, Cloud, Local","api, git"
gitea/gitea-mcp,https://gitea.com/gitea/gitea-mcp,Interactive with Gitea instances with MCP,ğŸ”„,ğŸ–ï¸ğŸï¸â˜ï¸ğŸ ğŸğŸªŸğŸ§-.,"Go, iOS, Windows, Linux, Cloud, Local, Official",git
kopfrechner/gitlab-mr-mcp,https://github.com/kopfrechner/gitlab-mr-mcp,Interact seamlessly with issues and merge requests of your GitLab projects,ğŸ”„,ğŸ“‡â˜ï¸-.,"TypeScript, Cloud",git
modelcontextprotocol/server-git,https://github.com/modelcontextprotocol/servers/tree/main/src/git,Direct Git repository operations including reading searching and analyzing local repositories,ğŸ”„,"ğŸğŸ -,,","Python, Local","search, git"
modelcontextprotocol/server-github,https://github.com/modelcontextprotocol/servers/tree/main/src/github,GitHub API integration for repository management PRs issues and more,ğŸ”„,"ğŸ“‡â˜ï¸-,,,","TypeScript, Cloud","api, git"
modelcontextprotocol/server-gitlab,https://github.com/modelcontextprotocol/servers/tree/main/src/gitlab,GitLab platform integration for project management and CICD operations,ğŸ”„,ğŸ“‡â˜ï¸ğŸ -/,"TypeScript, Cloud, Local",git
oschina/mcp-gitee,https://github.com/oschina/gitee,Gitee API integration repository issue and pull request management and more,ğŸ”„,"ğŸï¸â˜ï¸ğŸ -,,,,.","Go, Cloud, Local","api, git"
Tiberriver256/mcp-server-azure-devops,https://github.com/Tiberriver256/mcp-server-azure-devops,Azure DevOps integration for repository management work items and pipelines,ğŸ”„,"ğŸ“‡â˜ï¸-,,.#","TypeScript, Cloud",
AbdelStark/bitcoin-mcp,https://github.com/AbdelStark/bitcoin-mcp,A Model Context Protocol MCP server that enables AI models to interact with Bitcoin allowing them to generate keys validate addresses decode transactions query the blockchain and more,ğŸ› ï¸,"-â‚¿(),,,,,.",,ai
akseyh/bear-mcp-server,https://github.com/akseyh/bear-mcp-server,Allows the AI to read from your Bear Notes macOS only,ğŸ› ï¸,-(),,ai
allenporter/mcp-server-home-assistant,https://github.com/allenporter/mcp-server-home-assistant,Expose all Home Assistant voice intents through a Model Context Protocol Server allowing home control,ğŸ› ï¸,ğŸğŸ -.,"Python, Local",
Amazon Bedrock Nova Canvas,https://github.com/zxkane/mcp-server-amazon-bedrock,Use Amazon Nova Canvas model for image generation,ğŸ› ï¸,ğŸ“‡â˜ï¸-.,"TypeScript, Cloud",
amidabuddha/unichat-mcp-server,https://github.com/amidabuddha/unichat-mcp-server,Send requests to OpenAI MistralAI Anthropic xAI Google AI or DeepSeek using MCP protocol via tool or predefined prompts Vendor API key required,ğŸ› ï¸,"ğŸ/ğŸ“‡â˜ï¸-,,,,.","Python, TypeScript, Cloud","api, ai"
anaisbetts/mcp-installer,https://github.com/anaisbetts/mcp-installer,An MCP server that installs other MCP servers for you,ğŸ› ï¸,ğŸğŸ -.,"Python, Local",
anaisbetts/mcp-youtube,https://github.com/anaisbetts/mcp-youtube,Fetch YouTube subtitles,ğŸ› ï¸,ğŸ“‡â˜ï¸-,"TypeScript, Cloud",
andybrandt/mcp-simple-openai-assistant,https://github.com/andybrandt/mcp-simple-openai-assistant,MCP to talk to OpenAI assistants Claude can use any GPT model as his assitant,ğŸ› ï¸,-ğŸâ˜ï¸(),"Python, Cloud",ai
andybrandt/mcp-simple-timeserver,https://github.com/andybrandt/mcp-simple-timeserver,An MCP server that allows checking local time on the client machine or current UTC time from an NTP server,ğŸ› ï¸,ğŸğŸ â˜ï¸-,"Python, Cloud, Local",
anjor/coinmarket-mcp-server,https://github.com/anjor/coinmarket-mcp-server,Coinmarket API integration to fetch cryptocurrency listings and quotes,ğŸ› ï¸,ğŸğŸ -,"Python, Local",api
apify/actors-mcp-server,https://github.com/apify/actors-mcp-server,Use 3000 prebuilt cloud tools known as Actors to extract data from websites ecommerce social media search engines maps and more,ğŸ› ï¸,"ğŸ“‡â˜ï¸-,+-,,,-,,,,","TypeScript, Cloud",search
apinetwork/piapi-mcp-server,https://github.com/apinetwork/piapi-mcp-server,PiAPI MCP server makes user able to generate media content with MidjourneyFluxKlingHunyuanUdioTrellis directly from Claude or any other MCPcompatible apps,ğŸ› ï¸,ğŸ“‡â˜ï¸/////-.,"TypeScript, Cloud",api
awkoy/replicate-flux-mcp,https://github.com/awkoy/replicate-flux-mcp,Provides the ability to generate images via Replicates API,ğŸ› ï¸,ğŸ“‡â˜ï¸-'.,"TypeScript, Cloud",api
awwaiid/mcp-server-taskwarrior,https://github.com/awwaiid/mcp-server-taskwarrior,An MCP server for basic local taskwarrior usage add update remove tasks,ğŸ› ï¸,"ğŸ ğŸ“‡-(,,)","TypeScript, Local",
baba786/phabricator-mcp-server,https://github.com/baba786/phabricator-mcp-server,Interacting with Phabricator API,ğŸ› ï¸,ğŸâ˜ï¸-,"Python, Cloud",api
Badhansen/notion-mcp,https://github.com/Badhansen/notion-mcp,A Model Context Protocol MCP server that integrates with Notions API to manage personal todo lists efficiently,ğŸ› ï¸,ğŸâ˜ï¸-()'.,"Python, Cloud",api
bart6114/my-bear-mcp-server,https://github.com/bart6114/my-bear-mcp-server/,Allows to read notes and tags for the Bear Note taking app through a direct integration with Bears sqlitedb,ğŸ› ï¸,"ğŸ“‡ğŸ ğŸ-,'.","TypeScript, iOS, Local",
billster45/mcp-chatgpt-responses,https://github.com/billster45/mcp-chatgpt-responses,MCP server for Claude to talk to ChatGPT and use its web search capability,ğŸ› ï¸,ğŸâ˜ï¸-.,"Python, Cloud",search
blurrah/mcp-graphql,https://github.com/blurrah/mcp-graphql,Allows the AI to query GraphQL servers,ğŸ› ï¸,ğŸ“‡â˜ï¸-,"TypeScript, Cloud",ai
calclavia/mcp-obsidian,https://github.com/calclavia/mcp-obsidian,This is a connector to allow Claude Desktop or any MCP client to read and search any directory containing Markdown notes such as an Obsidian vault,ğŸ› ï¸,ğŸ“‡ğŸ -()().,"TypeScript, Local","search, ai"
chrishayuk/mcp-cli,https://github.com/chrishayuk/mcp-cli,Yet another CLI tool for testing MCP servers,ğŸ› ï¸,ğŸğŸ -,"Python, Local",
danhilse/notion_mcp,https://github.com/danhilse/notion_mcp,Integrates with Notions API to manage personal todo lists,ğŸ› ï¸,ğŸâ˜ï¸-',"Python, Cloud",api
evalstate/mcp-miro,https://github.com/evalstate/mcp-miro,Access MIRO whiteboards bulk create and read items Requires OAUTH key for REST API,ğŸ› ï¸,"ğŸ“‡â˜ï¸-,..","TypeScript, Cloud",api
future-audiences/wikimedia-enterprise-model-context-protocol,https://gitlab.wikimedia.org/repos/future-audiences/wikimedia-enterprise-model-context-protocol,Wikipedia Article lookup API,ğŸ› ï¸,ğŸâ˜ï¸-,"Python, Cloud",api
githejie/mcp-server-calculator,https://github.com/githejie/mcp-server-calculator,This server enables LLMs to use calculator for precise numerical calculations,ğŸ› ï¸,ğŸğŸ -,"Python, Local",ai
gotoolkits/DifyWorkflow,https://github.com/gotoolkits/mcp-difyworkflow-server,Tools to the query and execute of Dify workflows,ğŸ› ï¸,-ğŸï¸â˜ï¸,"Go, Cloud",
hiromitsusasaki/raindrop-io-mcp-server,https://github.com/hiromitsusasaki/raindrop-io-mcp-server,An integration that allows LLMs to interact with Raindropio bookmarks using the Model Context Protocol MCP,ğŸ› ï¸,ğŸ“‡â˜ï¸-.().,"TypeScript, Cloud",ai
hmk/attio-mcp-server,https://github.com/hmk/attio-mcp-server,Allows AI clients to manage records and notes in Attio CRM,ğŸ› ï¸,-ğŸ“‡â˜ï¸,"TypeScript, Cloud",ai
isaacwasserman/mcp-vegalite-server,https://github.com/isaacwasserman/mcp-vegalite-server,Generate visualizations from fetched data using the VegaLite format and renderer,ğŸ› ï¸,ğŸğŸ -.,"Python, Local",
ivo-toby/contentful-mcp,https://github.com/ivo-toby/contentful-mcp,Update create delete content contentmodels and assets in your Contentful Space,ğŸ› ï¸,"ğŸ“‡ğŸ -,,,-","TypeScript, Local",
j3k0/speech.sh,https://github.com/j3k0/speech.sh/blob/main/MCP_README.md,Let the agent speak things out loud notify you when hes done working with a quick summary,ğŸ› ï¸,"ğŸ -,'",Local,
jagan-shanmugam/climatiq-mcp-server,https://github.com/jagan-shanmugam/climatiq-mcp-server,A Model Context Protocol MCP server for accessing the Climatiq API to calculate carbon emissions This allows AI assistants to perform realtime carbon calculations and provide climate impact insights,ğŸ› ï¸,ğŸğŸ -().-.,"Python, Local","api, ai"
joshuarileydev/mac-apps-launcher-mcp-server,https://github.com/JoshuaRileyDev/mac-apps-launcher,An MCP server to list and launch applications on MacOS,ğŸ› ï¸,ğŸ“‡ğŸ -,"TypeScript, Local",
kelvin6365/plane-mcp-server,https://github.com/kelvin6365/plane-mcp-server,This MCP Server will help you to manage projects and issues through Planeshttpsplaneso API,ğŸ› ï¸,-ğŸï¸ğŸ ['](://.),"Go, Local",api
kenliao94/mcp-server-rabbitmq,https://github.com/kenliao94/mcp-server-rabbitmq,Enable interaction admin operation message enqueuedequeue with RabbitMQ,ğŸ› ï¸,"ğŸğŸ -(,/)","Python, Local",
kj455/mcp-kibela,https://github.com/kj455/mcp-kibela,Allows AI models to interact with Kibelahttpskibela,ğŸ› ï¸,-ğŸ“‡â˜ï¸[](://./),"TypeScript, Cloud",ai
KS-GEN-AI/confluence-mcp-server,https://github.com/KS-GEN-AI/confluence-mcp-server,Get Confluence data via CQL and read pages,ğŸ› ï¸,ğŸ“‡â˜ï¸ğŸğŸªŸ-.,"TypeScript, iOS, Windows, Cloud",
KS-GEN-AI/jira-mcp-server,https://github.com/KS-GEN-AI/jira-mcp-server,Read jira data via JQL and api and execute requests to create and edit tickets,ğŸ› ï¸,ğŸ“‡â˜ï¸ğŸğŸªŸ-.,"TypeScript, iOS, Windows, Cloud",api
lciesielski/mcp-salesforce,https://github.com/lciesielski/mcp-salesforce-example,MCP server with basic demonstration of interactions with Salesforce instance,ğŸ› ï¸,ğŸ â˜ï¸-,"Cloud, Local",
louiscklaw/hko-mcp,https://github.com/louiscklaw/hko-mcp,MCP server with basic demonstration of getting weather from Hong Kong Observatory,ğŸ› ï¸,ğŸ“‡ğŸ -,"TypeScript, Local",
evalstate/mcp-hfspace,https://github.com/evalstate/mcp-hfspace,Use HuggingFace Spaces directly from Claude Use Open Source Image Generation Chat Vision tasks and more Supports Image Audio and text uploadsdownloads,ğŸ› ï¸,"ğŸ“‡â˜ï¸-.,,.,/.","TypeScript, Cloud",
magarcia/mcp-server-giphy,https://github.com/magarcia/mcp-server-giphy,Search and retrieve GIFs from Giphys vast library through the Giphy API,ğŸ› ï¸,ğŸ“‡â˜ï¸-'.,"TypeScript, Cloud","api, search"
integromat/make-mcp-server,https://github.com/integromat/make-mcp-server,Turn your Makehttpswwwmakecom scenarios into callable tools for AI assistants,ğŸ› ï¸,ğŸ–ï¸ğŸ“‡ğŸ -[](://../).,"TypeScript, Local, Official",ai
marcelmarais/Spotify,https://github.com/marcelmarais/spotify-mcp-server,Control Spotify playback and manage playlists,ğŸ› ï¸,-ğŸ“‡ğŸ .,"TypeScript, Local",
MarkusPfundstein/mcp-obsidian,https://github.com/MarkusPfundstein/mcp-obsidian,Interacting with Obsidian via REST API,ğŸ› ï¸,ğŸâ˜ï¸ğŸ -,"Python, Cloud, Local",api
mcp-server-jfx,https://github.com/quarkiverse/quarkus-mcp-servers/tree/main/jfx,Draw on JavaFX canvas,ğŸ› ï¸,â˜•ğŸ -.,"Java, Local",
mediar-ai/screenpipe,https://github.com/mediar-ai/screenpipe,Localfirst system capturing screenaudio with timestamped indexing SQLembedding storage semantic search LLMpowered history analysis and eventtriggered actions  enables building contextaware AI agents through a NextJS plugin ecosystem,ğŸ› ï¸,"-ğŸ–ï¸ğŸ¦€ğŸ ğŸ-/,/,,-,---.","Rust, iOS, Local, Official","search, ai"
modelcontextprotocol/server-everything,https://github.com/modelcontextprotocol/servers/tree/main/src/everything,MCP server that exercises all the features of the MCP protocol,ğŸ› ï¸,ğŸ“‡ğŸ -,"TypeScript, Local",
mrjoshuak/godoc-mcp,https://github.com/mrjoshuak/godoc-mcp,Tokenefficient Go documentation server that provides AI assistants with smart access to package docs and types without reading entire source files,ğŸ› ï¸,ğŸï¸ğŸ --,"Go, Local","file, ai"
mzxrai/mcp-openai,https://github.com/mzxrai/mcp-openai,Chat with OpenAIs smartest models,ğŸ› ï¸,ğŸ“‡â˜ï¸-',"TypeScript, Cloud",ai
NakaokaRei/swift-mcp-gui,https://github.com/NakaokaRei/swift-mcp-gui.git,MCP server that can execute commands such as keyboard input and mouse movement,ğŸ› ï¸,ğŸ ğŸ-,"iOS, Local",
nguyenvanduocit/all-in-one-model-context-protocol,https://github.com/nguyenvanduocit/all-in-one-model-context-protocol,Some useful tools for developer almost everything an engineer need confluence Jira Youtube run script knowledge base RAG fetch URL Manage youtube channel emails calendar gitlab,ğŸ› ï¸,"ğŸï¸ğŸ -,:,,,,,,,,,","Go, Local","git, ai"
NON906/omniparser-autogui-mcp,https://github.com/NON906/omniparser-autogui-mcp,Automatic operation of onscreen GUI,ğŸ› ï¸,-ğŸ-.,Python,
pierrebrunelle/mcp-server-openai,https://github.com/pierrebrunelle/mcp-server-openai,Query OpenAI models directly from Claude using MCP protocol,ğŸ› ï¸,ğŸâ˜ï¸-,"Python, Cloud",ai
pskill9/hn-server,https://github.com/pskill9/hn-server,Parses the HTML content from newsycombinatorcom Hacker News and provides structured data for different types of stories top new ask show jobs,ğŸ› ï¸,"-ğŸ“‡â˜ï¸..()(,,,,).","TypeScript, Cloud",
PV-Bhat/vibe-check-mcp-server,https://github.com/PV-Bhat/vibe-check-mcp-server,An MCP server that prevents cascading errors and scope creep by calling a Vibecheck agent to ensure user alignment,ğŸ› ï¸,"ğŸ“‡â˜ï¸-""-"".","TypeScript, Cloud",
pwh-pwh/cal-mcp,https://github.com/pwh-pwh/cal-mcp,An MCP server for Mathematical expression calculation,ğŸ› ï¸,-,,
pyroprompts/any-chat-completions-mcp,https://github.com/pyroprompts/any-chat-completions-mcp,Chat with any other OpenAI SDK Compatible Chat Completions API like Perplexity Groq xAI and more,ğŸ› ï¸,"-,,,",,"api, ai"
reeeeemo/ancestry-mcp,https://github.com/reeeeemo/ancestry-mcp,Allows the AI to read ged files and genetic data,ğŸ› ï¸,ğŸğŸ -.,"Python, Local","file, ai"
rember/rember-mcp,https://github.com/rember/rember-mcp,Create spaced repetition flashcards in Remberhttpsrembercom to remember anything you learn in your chats,ğŸ› ï¸,ğŸ“‡ğŸ -[](://.).,"TypeScript, Local",
roychri/mcp-server-asana,https://github.com/roychri/mcp-server-asana,This Model Context Protocol server implementation of Asana allows you to talk to Asana API from MCP Client such as Anthropics Claude Desktop Application and many more,ğŸ› ï¸,"-ğŸ“‡â˜ï¸',.","TypeScript, Cloud",api
rusiaaman/wcgw,https://github.com/rusiaaman/wcgw/blob/main/src/wcgw/client/mcp_server/Readme.md,Autonomous shell execution computer control and coding agent Mac,ğŸ› ï¸,"ğŸğŸ -,.()","Python, Local",
SecretiveShell/MCP-wolfram-alpha,https://github.com/SecretiveShell/MCP-wolfram-alpha,An MCP server for querying wolfram alpha API,ğŸ› ï¸,ğŸâ˜ï¸-.,"Python, Cloud",api
Seym0n/tiktok-mcp,https://github.com/Seym0n/tiktok-mcp,Interact with TikTok videos,ğŸ› ï¸,ğŸ“‡â˜ï¸-,"TypeScript, Cloud",
sirmews/apple-notes-mcp,https://github.com/sirmews/apple-notes-mcp,Allows the AI to read from your local Apple Notes database macOS only,ğŸ› ï¸,ğŸğŸ -(),"Python, Local","database, ai"
sooperset/mcp-atlassian,https://github.com/sooperset/mcp-atlassian,MCP server for Atlassian products Confluence and Jira Supports Confluence Cloud Jira Cloud and Jira ServerData Center Provides comprehensive tools for searching reading creating and managing content across Atlassian workspaces,ğŸ› ï¸,"ğŸâ˜ï¸-().,,/.,,,.","Python, Cloud",search
suekou/mcp-notion-server,https://github.com/suekou/mcp-notion-server,Interacting with Notion API,ğŸ› ï¸,ğŸ“‡ğŸ -,"TypeScript, Local",api
tacticlaunch/mcp-linear,https://github.com/tacticlaunch/mcp-linear,Integrates with Linear project management system,ğŸ› ï¸,ğŸ“‡â˜ï¸ğŸğŸªŸğŸ§-,"TypeScript, iOS, Windows, Linux, Cloud",
tanigami/mcp-server-perplexity,https://github.com/tanigami/mcp-server-perplexity,Interacting with Perplexity API,ğŸ› ï¸,ğŸâ˜ï¸-.,"Python, Cloud",api
tevonsb/homeassistant-mcp,https://github.com/tevonsb/homeassistant-mcp,Access Home Assistant data and control devices lights switches thermostats etc,ğŸ› ï¸,"ğŸ“‡ğŸ -(,,,).","TypeScript, Local",
tomekkorbak/oura-mcp-server,https://github.com/tomekkorbak/oura-mcp-server,An MCP server for Oura an app for tracking sleep,ğŸ› ï¸,"ğŸâ˜ï¸-,","Python, Cloud",
kw510/strava-mcp,https://github.com/kw510/strava-mcp,An MCP server for Strava an app for tracking physical exercise,ğŸ› ï¸,"ğŸ“‡â˜ï¸-,","TypeScript, Cloud",
wanaku-ai/wanaku,https://github.com/wanaku-ai/wanaku,The Wanaku MCP Router is a SSEbased MCP server that provides an extensible routing engine that allows integrating your enterprise systems with AI agents,ğŸ› ï¸,-â˜ï¸ğŸ -.,"Cloud, Local",ai
wong2/mcp-cli,https://github.com/wong2/mcp-cli,CLI tool for testing MCP servers,ğŸ› ï¸,ğŸ“‡ğŸ -,"TypeScript, Local",
ws-mcp,https://github.com/nick1udwig/ws-mcp,Wrap MCP servers with a WebSocket for use with kitbitzhttpsgithubcomnick1udwigkibitz,ğŸ› ï¸,-([](://.//)),,git
yuna0x0/hackmd-mcp,https://github.com/yuna0x0/hackmd-mcp,Allows AI models to interact with HackMDhttpshackmdio,ğŸ› ï¸,ğŸ“‡â˜ï¸-[](://.),"TypeScript, Cloud",ai
ZeparHyfar/mcp-datetime,https://github.com/ZeparHyfar/mcp-datetime,MCP server providing date and time functions in various formats,ğŸ› ï¸,-,,
zueai/mcp-manager,https://github.com/zueai/mcp-manager,Simple Web UI to install and manage MCP servers for Claude Desktop App,ğŸ› ï¸,ğŸ“‡â˜ï¸-.,"TypeScript, Cloud",
HenryHaoson/Yuque-MCP-Server,https://github.com/HenryHaoson/Yuque-MCP-Server,A ModelContextProtocol MCP server for integrating with Yuque API allowing AI models to manage documents interact with knowledge bases search content and access analytics data from the Yuque platform,ğŸ› ï¸,"-ğŸ“‡â˜ï¸--(),,,,.","TypeScript, Cloud","api, search, ai"
